Page — URL mesuree, telle que servie par le serveur de dev (localhost:3210)	Type — page statique | index de catalogue | fiche de detail | admin	Locale — en ou fr	HTTP — code de reponse de la navigation	M1 Rendu — la page rend-elle sans erreur console, sans pageerror, sans divergence d'hydratation ?	M2 Donnees — les chiffres et listes affiches correspondent-ils au reel mesure (versions, comptes, catalogues) ?	M3 Liens — les liens internes resolvent-ils (pas de 404/500, pas d ancre morte) ?	M4 i18n — parite en/fr, aucune cle brute affichee, aucune chaine non traduite visible	M5 a11y — axe-core 4.13 : violations serious/critical (devtools Nuxt exclus du contexte)	M6 Visuel — elements a taille nulle, debordement horizontal de page, ombre sur surface transparente	M7 Theming — le theme actif est-il respecte, une prop de theme est-elle ignoree en silence ?	M8 SEO — title, description, og:*, canonical, h1 unique	Gravite — gravite du pire defaut de la ligne	Preuve — mesure brute qui fonde chaque verdict
/	page statique	en	200	conforme	defaut	defaut	conforme	defaut	defaut	conforme	defaut	majeur	M2: affirmation perimee affichee -> style_dictionary, tokens_studio | M3: 2 lien(s) interne(s) mort(s) -> /privacy (404) ; /contact (404) | M5: 13 noeud(s) serious/critical (dont 0 critical) — color-contrast:serious:12 image-redundant-alt:minor:1 nested-interactive:serious:1 | M6: 2 ombre(s) portee(s) sur surface transparente (origam-kbd en tete) | M7: data-theme=geek data-mode=light lang=en-US ; 64 declarations inline via --origam-* / 0 couleur(s) en dur hors badge devtools | M8: aucun og:image (ogImage desactive dans nuxt.config, aucun repli statique) | M8: marque dupliquee dans le titre -> "origam · Vue 3 design system · origam"
/why-origam	page statique	en	200	conforme	defaut	defaut	conforme	defaut	defaut	conforme	defaut	majeur	M2: affirmation perimee affichee -> style_dictionary, tokens_studio | M3: 2 lien(s) interne(s) mort(s) -> /privacy (404) ; /contact (404) | M5: 17 noeud(s) serious/critical (dont 0 critical) — aria-command-name:serious:17 image-redundant-alt:minor:1 | M6: 1 ombre(s) portee(s) sur surface transparente (origam-kbd en tete) | M7: data-theme=geek data-mode=light lang=en-US ; 58 declarations inline via --origam-* / 0 couleur(s) en dur hors badge devtools | M8: aucun og:image (ogImage desactive dans nuxt.config, aucun repli statique) | M8: marque dupliquee dans le titre -> "Why origam? · Vue 3 design system · origam"
/installation	page statique	en	200	defaut	conforme	defaut	conforme	defaut	defaut	conforme	defaut	majeur	M1: 4 avertissement(s) d'hydratation | M2: affirmations chiffrees verifiees -> components_218 | M3: 2 lien(s) interne(s) mort(s) -> /privacy (404) ; /contact (404) | M5: 27 noeud(s) serious/critical (dont 0 critical) — color-contrast:serious:27 image-redundant-alt:minor:1 landmark-unique:moderate:1 | M6: 1 ombre(s) portee(s) sur surface transparente (origam-kbd en tete) | M7: data-theme=geek data-mode=light lang=en-US ; 25 declarations inline via --origam-* / 0 couleur(s) en dur hors badge devtools | M8: aucun og:image (ogImage desactive dans nuxt.config, aucun repli statique) | M8: marque dupliquee dans le titre -> "Installation · origam design system · origam"
/support	page statique	en	200	conforme	non applicable	defaut	conforme	conforme	defaut	conforme	defaut	majeur	M3: 2 lien(s) interne(s) mort(s) -> /privacy (404) ; /contact (404) | M5: 1 violation(s) moderate/minor seulement — image-redundant-alt:minor:1 | M6: 1 ombre(s) portee(s) sur surface transparente (origam-kbd en tete) | M7: data-theme=geek data-mode=light lang=en-US ; 12 declarations inline via --origam-* / 0 couleur(s) en dur hors badge devtools | M8: aucun og:image (ogImage desactive dans nuxt.config, aucun repli statique) | M8: marque dupliquee dans le titre -> "Support origam · Vue 3 design system · origam"
/changelog	page statique	en	200	conforme	non applicable	defaut	defaut	defaut	defaut	conforme	defaut	bloquant	M3: 2 lien(s) interne(s) mort(s) -> /privacy (404) ; /contact (404) | M4: 6/14 phrases (43%) identiques en FR et en EN — descriptions du catalogue non traduites | M4: 99 cles changelog sans definition (en ET fr) ; le repli extrait de CHANGELOG.md est en FRANCAIS pour 2.17.1 -> la page EN affiche du francais | M5: 6 noeud(s) serious/critical (dont 2 critical) — aria-allowed-attr:critical:2 aria-command-name:serious:2 aria-prohibited-attr:serious:1 color-contrast:serious:1 image-redundant-alt:minor:1 | M6: 1 ombre(s) portee(s) sur surface transparente (origam-kbd en tete) | M7: data-theme=geek data-mode=light lang=en-US ; 18 declarations inline via --origam-* / 0 couleur(s) en dur hors badge devtools | M8: aucun og:image (ogImage desactive dans nuxt.config, aucun repli statique) | M8: marque dupliquee dans le titre -> "Changelog · origam design system · origam"
/roadmap	page statique	en	200	conforme	defaut	defaut	conforme	defaut	defaut	conforme	defaut	majeur	M2: affirmation perimee affichee -> figma_plugin | M2: /roadmap affiche 138 composables (fichiers *.composable.ts) la ou /composables en affiche 142 (symboles use* exportes) — meme libelle, deux nombres | M3: 2 lien(s) interne(s) mort(s) -> /privacy (404) ; /contact (404) | M5: 4 noeud(s) serious/critical (dont 0 critical) — aria-command-name:serious:4 image-redundant-alt:minor:1 | M6: 5 ombre(s) portee(s) sur surface transparente (origam-kbd en tete) | M7: data-theme=geek data-mode=light lang=en-US ; 181 declarations inline via --origam-* / 0 couleur(s) en dur hors badge devtools | M8: aucun og:image (ogImage desactive dans nuxt.config, aucun repli statique) | M8: marque dupliquee dans le titre -> "Roadmap · origam design system · origam"
/theming	page statique	en	200	defaut	conforme	defaut	conforme	defaut	defaut	conforme	defaut	bloquant	M1: 486 avertissement(s) d'hydratation | M2: affirmations chiffrees verifiees -> components_218 | M3: 2 lien(s) interne(s) mort(s) -> /privacy (404) ; /contact (404) | M5: 13 noeud(s) serious/critical (dont 2 critical) — aria-allowed-attr:critical:2 aria-command-name:serious:2 aria-prohibited-attr:serious:1 color-contrast:serious:6 image-redundant-alt:minor:1 label-title-only:serious:2 | M6: 1 ombre(s) portee(s) sur surface transparente (origam-kbd en tete) | M7: data-theme=geek data-mode=light lang=en-US ; 210 declarations inline via --origam-* / 6 couleur(s) en dur hors badge devtools | M7: les 6 couleurs en dur de /theming sont les pastilles de previsualisation du Theme Builder (origam-sheet), legitimes par nature | M8: aucun og:image (ogImage desactive dans nuxt.config, aucun repli statique) | M8: marque dupliquee dans le titre -> "Theme builder · origam design system · origam"
/wireframe	page statique	en	200	conforme	conforme	defaut	conforme	conforme	defaut	conforme	defaut	majeur	M2: affirmations chiffrees verifiees -> components_218 | M3: 2 lien(s) interne(s) mort(s) -> /privacy (404) ; /contact (404) | M5: 1 violation(s) moderate/minor seulement — image-redundant-alt:minor:1 | M6: 1 ombre(s) portee(s) sur surface transparente (origam-kbd en tete) | M7: data-theme=geek data-mode=light lang=en-US ; 181 declarations inline via --origam-* / 0 couleur(s) en dur hors badge devtools | M8: aucun og:image (ogImage desactive dans nuxt.config, aucun repli statique) | M8: marque dupliquee dans le titre -> "Wireframes · origam design system · origam"
/components	index de catalogue	en	200	conforme	conforme	defaut	defaut	defaut	defaut	conforme	defaut	majeur	M2: compteur affiche ["218 components","94 component"] / reel 218 | M3: 2 lien(s) interne(s) mort(s) -> /privacy (404) ; /contact (404) | M4: 93/97 phrases (96%) identiques en FR et en EN — descriptions du catalogue non traduites | M5: 1 noeud(s) serious/critical (dont 0 critical) — aria-command-name:serious:1 image-redundant-alt:minor:1 | M6: 1 ombre(s) portee(s) sur surface transparente (origam-kbd en tete) | M7: data-theme=geek data-mode=light lang=en-US ; 205 declarations inline via --origam-* / 0 couleur(s) en dur hors badge devtools | M8: aucun og:image (ogImage desactive dans nuxt.config, aucun repli statique) | M8: marque dupliquee dans le titre -> "Components · origam design system · origam"
/composables	index de catalogue	en	200	conforme	defaut	defaut	defaut	defaut	defaut	conforme	defaut	majeur	M2: compteur affiche ["142 composables"] / reel 142 | M2: affirmation perimee affichee -> composables_80 | M3: 2 lien(s) interne(s) mort(s) -> /privacy (404) ; /contact (404) | M4: 104/108 phrases (96%) identiques en FR et en EN — descriptions du catalogue non traduites | M5: 1 noeud(s) serious/critical (dont 0 critical) — aria-command-name:serious:1 image-redundant-alt:minor:1 | M6: 1 ombre(s) portee(s) sur surface transparente (origam-kbd en tete) | M7: data-theme=geek data-mode=light lang=en-US ; 403 declarations inline via --origam-* / 0 couleur(s) en dur hors badge devtools | M8: aucun og:image (ogImage desactive dans nuxt.config, aucun repli statique) | M8: marque dupliquee dans le titre -> "Composables · origam design system · origam"
/consts	index de catalogue	en	200	conforme	defaut	defaut	defaut	defaut	defaut	conforme	defaut	majeur	M2: compteur affiche ["408 constants"] / reel 408 | M2: 408 affiches vs 407 dans la fixture (orphelin border-prop-keys, --seed --check annonce orphaned=0) | M2: affirmation perimee affichee -> style_dictionary | M3: 2 lien(s) interne(s) mort(s) -> /privacy (404) ; /contact (404) | M4: 386/390 phrases (99%) identiques en FR et en EN — descriptions du catalogue non traduites | M5: 1 noeud(s) serious/critical (dont 0 critical) — aria-command-name:serious:1 image-redundant-alt:minor:1 | M6: 1 ombre(s) portee(s) sur surface transparente (origam-kbd en tete) | M7: data-theme=geek data-mode=light lang=en-US ; 952 declarations inline via --origam-* / 0 couleur(s) en dur hors badge devtools | M8: aucun og:image (ogImage desactive dans nuxt.config, aucun repli statique) | M8: marque dupliquee dans le titre -> "Constants · origam design system · origam"
/directives	index de catalogue	en	200	conforme	defaut	defaut	defaut	defaut	defaut	conforme	defaut	majeur	M2: compteur affiche [] / reel 6 | M3: 2 lien(s) interne(s) mort(s) -> /privacy (404) ; /contact (404) | M4: 6/10 phrases (60%) identiques en FR et en EN — descriptions du catalogue non traduites | M5: 1 noeud(s) serious/critical (dont 0 critical) — aria-command-name:serious:1 image-redundant-alt:minor:1 | M6: 1 ombre(s) portee(s) sur surface transparente (origam-kbd en tete) | M7: data-theme=geek data-mode=light lang=en-US ; 25 declarations inline via --origam-* / 0 couleur(s) en dur hors badge devtools | M8: aucun og:image (ogImage desactive dans nuxt.config, aucun repli statique) | M8: marque dupliquee dans le titre -> "Directives · origam design system · origam"
/enums	index de catalogue	en	200	conforme	conforme	defaut	defaut	defaut	defaut	conforme	defaut	majeur	M2: compteur affiche ["137 enums"] / reel 137 | M3: 2 lien(s) interne(s) mort(s) -> /privacy (404) ; /contact (404) | M4: 106/110 phrases (96%) identiques en FR et en EN — descriptions du catalogue non traduites | M5: 1 noeud(s) serious/critical (dont 0 critical) — aria-command-name:serious:1 image-redundant-alt:minor:1 | M6: 1 ombre(s) portee(s) sur surface transparente (origam-kbd en tete) | M7: data-theme=geek data-mode=light lang=en-US ; 370 declarations inline via --origam-* / 0 couleur(s) en dur hors badge devtools | M8: aucun og:image (ogImage desactive dans nuxt.config, aucun repli statique) | M8: marque dupliquee dans le titre -> "API Enums · origam design system · origam"
/interfaces	index de catalogue	en	200	conforme	conforme	defaut	defaut	defaut	defaut	conforme	defaut	majeur	M2: compteur affiche ["966 interfaces"] / reel 966 | M3: 2 lien(s) interne(s) mort(s) -> /privacy (404) ; /contact (404) | M4: 732/736 phrases (99%) identiques en FR et en EN — descriptions du catalogue non traduites | M5: 1 noeud(s) serious/critical (dont 0 critical) — aria-command-name:serious:1 image-redundant-alt:minor:1 | M6: 1 ombre(s) portee(s) sur surface transparente (origam-kbd en tete) | M7: data-theme=geek data-mode=light lang=en-US ; 2252 declarations inline via --origam-* / 0 couleur(s) en dur hors badge devtools | M8: aucun og:image (ogImage desactive dans nuxt.config, aucun repli statique) | M8: marque dupliquee dans le titre -> "API Interfaces · origam design system · origam"
/types	index de catalogue	en	200	conforme	conforme	defaut	defaut	defaut	defaut	conforme	defaut	majeur	M2: compteur affiche ["487 types"] / reel 487 | M3: 3 lien(s) interne(s) mort(s) -> /privacy (404) ; /contact (404) ; /types/-t-not-a-union (500) | M4: 108/112 phrases (96%) identiques en FR et en EN — descriptions du catalogue non traduites | M5: 1 noeud(s) serious/critical (dont 0 critical) — aria-command-name:serious:1 image-redundant-alt:minor:1 | M6: 1 ombre(s) portee(s) sur surface transparente (origam-kbd en tete) | M7: data-theme=geek data-mode=light lang=en-US ; 1206 declarations inline via --origam-* / 0 couleur(s) en dur hors badge devtools | M8: aucun og:image (ogImage desactive dans nuxt.config, aucun repli statique) | M8: marque dupliquee dans le titre -> "API Types · origam design system · origam"
/utils	index de catalogue	en	200	conforme	conforme	defaut	defaut	defaut	defaut	conforme	defaut	majeur	M2: compteur affiche ["371 utils"] / reel 371 | M3: 2 lien(s) interne(s) mort(s) -> /privacy (404) ; /contact (404) | M4: 399/403 phrases (99%) identiques en FR et en EN — descriptions du catalogue non traduites | M5: 1 noeud(s) serious/critical (dont 0 critical) — aria-command-name:serious:1 image-redundant-alt:minor:1 | M6: 1 ombre(s) portee(s) sur surface transparente (origam-kbd en tete) | M7: data-theme=geek data-mode=light lang=en-US ; 1084 declarations inline via --origam-* / 0 couleur(s) en dur hors badge devtools | M8: aucun og:image (ogImage desactive dans nuxt.config, aucun repli statique) | M8: marque dupliquee dans le titre -> "Utils · origam design system · origam"
/components/audio-waveform	fiche de detail	en	200	conforme	non applicable	defaut	conforme	defaut	defaut	conforme	defaut	majeur	M3: 2 lien(s) interne(s) mort(s) -> /privacy (404) ; /contact (404) | M5: 2 noeud(s) serious/critical (dont 0 critical) — aria-prohibited-attr:serious:1 color-contrast:serious:1 image-redundant-alt:minor:1 | M6: 2 ombre(s) portee(s) sur surface transparente (origam-kbd en tete) | M7: data-theme=geek data-mode=light lang=en-US ; 18 declarations inline via --origam-* / 0 couleur(s) en dur hors badge devtools | M8: aucun og:image (ogImage desactive dans nuxt.config, aucun repli statique) | M8: aucune meta description ni og:description (descriptionFallback vide en base) | M8: marque dupliquee dans le titre -> "AudioWaveform · origam components · origam"
/components/avatar	fiche de detail	en	200	conforme	defaut	defaut	conforme	defaut	defaut	conforme	defaut	bloquant	M2: affirmation perimee affichee -> style_dictionary | M3: 2 lien(s) interne(s) mort(s) -> /privacy (404) ; /contact (404) | M5: 47 noeud(s) serious/critical (dont 8 critical) — aria-allowed-attr:critical:8 aria-command-name:serious:4 aria-prohibited-attr:serious:5 color-contrast:serious:30 image-redundant-alt:minor:1 landmark-unique:moderate:3 | M6: 2 ombre(s) portee(s) sur surface transparente (origam-kbd en tete) | M7: data-theme=geek data-mode=light lang=en-US ; 102 declarations inline via --origam-* / 0 couleur(s) en dur hors badge devtools | M8: aucun og:image (ogImage desactive dans nuxt.config, aucun repli statique) | M8: marque dupliquee dans le titre -> "Avatar · origam components · origam"
/components/chart	fiche de detail	en	200	conforme	defaut	defaut	conforme	defaut	defaut	conforme	defaut	bloquant	M2: affirmation perimee affichee -> style_dictionary | M3: 2 lien(s) interne(s) mort(s) -> /privacy (404) ; /contact (404) | M5: 17 noeud(s) serious/critical (dont 2 critical) — aria-allowed-attr:critical:2 aria-allowed-role:minor:2 aria-command-name:serious:1 aria-prohibited-attr:serious:1 color-contrast:serious:11 image-redundant-alt:minor:1 landmark-unique:moderate:3 list:serious:1 nested-interactive:serious:1 | M6: 4 ombre(s) portee(s) sur surface transparente (origam-kbd en tete) | M7: data-theme=geek data-mode=light lang=en-US ; 138 declarations inline via --origam-* / 0 couleur(s) en dur hors badge devtools | M8: aucun og:image (ogImage desactive dans nuxt.config, aucun repli statique) | M8: marque dupliquee dans le titre -> "Chart · origam components · origam"
/components/alert	fiche de detail	en	200	conforme	defaut	defaut	conforme	defaut	defaut	conforme	defaut	bloquant	M2: affirmation perimee affichee -> style_dictionary | M3: 2 lien(s) interne(s) mort(s) -> /privacy (404) ; /contact (404) | M5: 40 noeud(s) serious/critical (dont 6 critical) — aria-allowed-attr:critical:6 aria-command-name:serious:3 aria-prohibited-attr:serious:3 color-contrast:serious:26 image-redundant-alt:minor:1 label-title-only:serious:2 landmark-unique:moderate:3 | M6: 4 ombre(s) portee(s) sur surface transparente (origam-kbd en tete) | M7: data-theme=geek data-mode=light lang=en-US ; 127 declarations inline via --origam-* / 0 couleur(s) en dur hors badge devtools | M8: aucun og:image (ogImage desactive dans nuxt.config, aucun repli statique) | M8: marque dupliquee dans le titre -> "Alert · origam components · origam"
/components/btn	fiche de detail	en	200	conforme	defaut	defaut	conforme	defaut	defaut	conforme	defaut	bloquant	M2: affirmation perimee affichee -> style_dictionary, figma_plugin | M3: 3 lien(s) interne(s) mort(s) -> /privacy (404) ; /contact (404) ; /types/t-color (404) | M5: 60 noeud(s) serious/critical (dont 10 critical) — aria-allowed-attr:critical:10 aria-command-name:serious:5 aria-prohibited-attr:serious:5 color-contrast:serious:40 image-redundant-alt:minor:1 landmark-unique:moderate:3 | M6: 4 ombre(s) portee(s) sur surface transparente (origam-kbd en tete) | M7: data-theme=geek data-mode=light lang=en-US ; 155 declarations inline via --origam-* / 0 couleur(s) en dur hors badge devtools | M8: aucun og:image (ogImage desactive dans nuxt.config, aucun repli statique) | M8: marque dupliquee dans le titre -> "Btn · origam components · origam"
/components/app	fiche de detail	en	200	conforme	defaut	defaut	conforme	defaut	defaut	conforme	defaut	bloquant	M2: affirmation perimee affichee -> style_dictionary | M3: 2 lien(s) interne(s) mort(s) -> /privacy (404) ; /contact (404) | M5: 25 noeud(s) serious/critical (dont 4 critical) — aria-allowed-attr:critical:4 aria-command-name:serious:2 aria-prohibited-attr:serious:2 color-contrast:serious:17 image-redundant-alt:minor:1 landmark-unique:moderate:3 | M6: 3 ombre(s) portee(s) sur surface transparente (origam-kbd en tete) | M7: data-theme=geek data-mode=light lang=en-US ; 49 declarations inline via --origam-* / 0 couleur(s) en dur hors badge devtools | M8: aucun og:image (ogImage desactive dans nuxt.config, aucun repli statique) | M8: marque dupliquee dans le titre -> "App · origam components · origam"
/components/audio	fiche de detail	en	200	defaut	defaut	defaut	conforme	defaut	defaut	conforme	defaut	bloquant	M1: 3 erreur(s) console | M2: affirmation perimee affichee -> style_dictionary | M3: 2 lien(s) interne(s) mort(s) -> /privacy (404) ; /contact (404) | M5: 41 noeud(s) serious/critical (dont 8 critical) — aria-allowed-attr:critical:4 aria-command-name:serious:2 aria-prohibited-attr:serious:2 aria-tooltip-name:serious:4 color-contrast:serious:23 image-redundant-alt:minor:1 label-title-only:serious:2 label:critical:4 landmark-unique:moderate:5 | M6: 6 ombre(s) portee(s) sur surface transparente (origam-kbd en tete) | M7: data-theme=geek data-mode=light lang=en-US ; 165 declarations inline via --origam-* / 0 couleur(s) en dur hors badge devtools | M8: aucun og:image (ogImage desactive dans nuxt.config, aucun repli statique) | M8: marque dupliquee dans le titre -> "Audio · origam components · origam"
/components/bottom-nav	fiche de detail	en	200	conforme	defaut	defaut	conforme	defaut	defaut	conforme	defaut	bloquant	M2: affirmation perimee affichee -> style_dictionary | M3: 2 lien(s) interne(s) mort(s) -> /privacy (404) ; /contact (404) | M5: 41 noeud(s) serious/critical (dont 8 critical) — aria-allowed-attr:critical:8 aria-command-name:serious:4 aria-prohibited-attr:serious:4 color-contrast:serious:25 image-redundant-alt:minor:1 landmark-unique:moderate:4 | M6: 4 ombre(s) portee(s) sur surface transparente (origam-kbd en tete) | M7: data-theme=geek data-mode=light lang=en-US ; 122 declarations inline via --origam-* / 0 couleur(s) en dur hors badge devtools | M8: aucun og:image (ogImage desactive dans nuxt.config, aucun repli statique) | M8: marque dupliquee dans le titre -> "BottomNav · origam components · origam"
/components/dialog	fiche de detail	en	200	conforme	defaut	defaut	conforme	defaut	defaut	conforme	defaut	bloquant	M2: affirmation perimee affichee -> style_dictionary | M3: 2 lien(s) interne(s) mort(s) -> /privacy (404) ; /contact (404) | M5: 41 noeud(s) serious/critical (dont 4 critical) — aria-allowed-attr:critical:4 aria-command-name:serious:2 aria-prohibited-attr:serious:2 color-contrast:serious:33 image-redundant-alt:minor:1 landmark-unique:moderate:3 | M6: 5 ombre(s) portee(s) sur surface transparente (origam-kbd en tete) | M7: data-theme=geek data-mode=light lang=en-US ; 178 declarations inline via --origam-* / 0 couleur(s) en dur hors badge devtools | M8: aucun og:image (ogImage desactive dans nuxt.config, aucun repli statique) | M8: marque dupliquee dans le titre -> "Dialog · origam components · origam"
/components/card	fiche de detail	en	200	defaut	defaut	defaut	conforme	defaut	defaut	conforme	defaut	bloquant	M1: 36 avertissement(s) d'hydratation | M2: affirmation perimee affichee -> style_dictionary | M3: 2 lien(s) interne(s) mort(s) -> /privacy (404) ; /contact (404) | M5: 43 noeud(s) serious/critical (dont 6 critical) — aria-allowed-attr:critical:6 aria-command-name:serious:3 aria-prohibited-attr:serious:3 color-contrast:serious:28 image-redundant-alt:minor:1 label-title-only:serious:3 landmark-unique:moderate:3 | M6: 4 ombre(s) portee(s) sur surface transparente (origam-kbd en tete) | M7: data-theme=geek data-mode=light lang=en-US ; 151 declarations inline via --origam-* / 0 couleur(s) en dur hors badge devtools | M8: aucun og:image (ogImage desactive dans nuxt.config, aucun repli statique) | M8: marque dupliquee dans le titre -> "Card · origam components · origam"
/components/blockquote	fiche de detail	en	200	conforme	defaut	defaut	conforme	defaut	defaut	conforme	defaut	bloquant	M2: affirmation perimee affichee -> style_dictionary | M3: 2 lien(s) interne(s) mort(s) -> /privacy (404) ; /contact (404) | M5: 36 noeud(s) serious/critical (dont 8 critical) — aria-allowed-attr:critical:8 aria-command-name:serious:4 aria-prohibited-attr:serious:4 color-contrast:serious:19 image-redundant-alt:minor:1 label-title-only:serious:1 landmark-unique:moderate:3 | M6: 3 ombre(s) portee(s) sur surface transparente (origam-kbd en tete) | M7: data-theme=geek data-mode=light lang=en-US ; 106 declarations inline via --origam-* / 0 couleur(s) en dur hors badge devtools | M8: aucun og:image (ogImage desactive dans nuxt.config, aucun repli statique) | M8: marque dupliquee dans le titre -> "Blockquote · origam components · origam"
/components/client-only	fiche de detail	en	200	conforme	non applicable	defaut	conforme	defaut	defaut	conforme	defaut	majeur	M3: 2 lien(s) interne(s) mort(s) -> /privacy (404) ; /contact (404) | M5: 20 noeud(s) serious/critical (dont 0 critical) — color-contrast:serious:20 image-redundant-alt:minor:1 landmark-unique:moderate:1 | M6: 2 ombre(s) portee(s) sur surface transparente (origam-kbd en tete) | M7: data-theme=geek data-mode=light lang=en-US ; 19 declarations inline via --origam-* / 0 couleur(s) en dur hors badge devtools | M8: aucun og:image (ogImage desactive dans nuxt.config, aucun repli statique) | M8: marque dupliquee dans le titre -> "ClientOnly · origam components · origam"
/composables/use-audio-player	fiche de detail	en	200	conforme	non applicable	defaut	conforme	defaut	defaut	conforme	defaut	majeur	M3: 2 lien(s) interne(s) mort(s) -> /privacy (404) ; /contact (404) | M5: 15 noeud(s) serious/critical (dont 0 critical) — color-contrast:serious:15 image-redundant-alt:minor:1 landmark-unique:moderate:2 | M6: 1 ombre(s) portee(s) sur surface transparente (origam-kbd en tete) | M7: data-theme=geek data-mode=light lang=en-US ; 26 declarations inline via --origam-* / 0 couleur(s) en dur hors badge devtools | M8: aucun og:image (ogImage desactive dans nuxt.config, aucun repli statique) | M8: marque dupliquee dans le titre -> "useAudioPlayer · origam composables · origam"
/composables/use-calendar	fiche de detail	en	200	conforme	non applicable	defaut	conforme	defaut	defaut	conforme	defaut	majeur	M3: 2 lien(s) interne(s) mort(s) -> /privacy (404) ; /contact (404) | M5: 15 noeud(s) serious/critical (dont 0 critical) — color-contrast:serious:15 image-redundant-alt:minor:1 landmark-unique:moderate:1 | M6: debordement horizontal de page 137px (scrollWidth > clientWidth) | M6: 1 ombre(s) portee(s) sur surface transparente (origam-kbd en tete) | M7: data-theme=geek data-mode=light lang=en-US ; 33 declarations inline via --origam-* / 0 couleur(s) en dur hors badge devtools | M8: aucun og:image (ogImage desactive dans nuxt.config, aucun repli statique) | M8: marque dupliquee dans le titre -> "useCalendar · origam composables · origam"
/composables/use-chart	fiche de detail	en	200	conforme	non applicable	defaut	conforme	defaut	defaut	conforme	defaut	majeur	M3: 2 lien(s) interne(s) mort(s) -> /privacy (404) ; /contact (404) | M5: 15 noeud(s) serious/critical (dont 0 critical) — color-contrast:serious:15 image-redundant-alt:minor:1 landmark-unique:moderate:1 | M6: 1 ombre(s) portee(s) sur surface transparente (origam-kbd en tete) | M7: data-theme=geek data-mode=light lang=en-US ; 36 declarations inline via --origam-* / 0 couleur(s) en dur hors badge devtools | M8: aucun og:image (ogImage desactive dans nuxt.config, aucun repli statique) | M8: marque dupliquee dans le titre -> "useChart · origam composables · origam"
/composables/use-clipboard	fiche de detail	en	200	conforme	non applicable	defaut	conforme	defaut	defaut	conforme	defaut	majeur	M3: 2 lien(s) interne(s) mort(s) -> /privacy (404) ; /contact (404) | M5: 20 noeud(s) serious/critical (dont 0 critical) — color-contrast:serious:20 image-redundant-alt:minor:1 landmark-unique:moderate:2 | M6: 1 ombre(s) portee(s) sur surface transparente (origam-kbd en tete) | M7: data-theme=geek data-mode=light lang=en-US ; 24 declarations inline via --origam-* / 0 couleur(s) en dur hors badge devtools | M8: aucun og:image (ogImage desactive dans nuxt.config, aucun repli statique) | M8: marque dupliquee dans le titre -> "useClipboard · origam composables · origam"
/composables/use-code	fiche de detail	en	200	conforme	non applicable	defaut	conforme	defaut	defaut	conforme	defaut	majeur	M3: 2 lien(s) interne(s) mort(s) -> /privacy (404) ; /contact (404) | M5: 22 noeud(s) serious/critical (dont 0 critical) — color-contrast:serious:22 image-redundant-alt:minor:1 landmark-unique:moderate:2 | M6: 1 ombre(s) portee(s) sur surface transparente (origam-kbd en tete) | M7: data-theme=geek data-mode=light lang=en-US ; 22 declarations inline via --origam-* / 0 couleur(s) en dur hors badge devtools | M8: aucun og:image (ogImage desactive dans nuxt.config, aucun repli statique) | M8: marque dupliquee dans le titre -> "useCode · origam composables · origam"
/composables/use-command	fiche de detail	en	200	conforme	non applicable	defaut	conforme	defaut	defaut	conforme	defaut	majeur	M3: 2 lien(s) interne(s) mort(s) -> /privacy (404) ; /contact (404) | M5: 16 noeud(s) serious/critical (dont 0 critical) — color-contrast:serious:16 image-redundant-alt:minor:1 landmark-unique:moderate:2 | M6: 1 ombre(s) portee(s) sur surface transparente (origam-kbd en tete) | M7: data-theme=geek data-mode=light lang=en-US ; 24 declarations inline via --origam-* / 0 couleur(s) en dur hors badge devtools | M8: aucun og:image (ogImage desactive dans nuxt.config, aucun repli statique) | M8: marque dupliquee dans le titre -> "useCommand · origam composables · origam"
/composables/use-activator	fiche de detail	en	200	conforme	non applicable	defaut	conforme	defaut	defaut	conforme	defaut	majeur	M3: 2 lien(s) interne(s) mort(s) -> /privacy (404) ; /contact (404) | M5: 30 noeud(s) serious/critical (dont 0 critical) — color-contrast:serious:30 image-redundant-alt:minor:1 landmark-unique:moderate:2 | M6: 1 ombre(s) portee(s) sur surface transparente (origam-kbd en tete) | M7: data-theme=geek data-mode=light lang=en-US ; 35 declarations inline via --origam-* / 0 couleur(s) en dur hors badge devtools | M8: aucun og:image (ogImage desactive dans nuxt.config, aucun repli statique) | M8: marque dupliquee dans le titre -> "useActivator · origam composables · origam"
/composables/use-css-support	fiche de detail	en	200	conforme	non applicable	defaut	conforme	defaut	defaut	conforme	defaut	majeur	M3: 2 lien(s) interne(s) mort(s) -> /privacy (404) ; /contact (404) | M5: 32 noeud(s) serious/critical (dont 0 critical) — color-contrast:serious:32 image-redundant-alt:minor:1 landmark-unique:moderate:2 | M6: 1 ombre(s) portee(s) sur surface transparente (origam-kbd en tete) | M7: data-theme=geek data-mode=light lang=en-US ; 21 declarations inline via --origam-* / 0 couleur(s) en dur hors badge devtools | M8: aucun og:image (ogImage desactive dans nuxt.config, aucun repli statique) | M8: marque dupliquee dans le titre -> "useCssSupport · origam composables · origam"
/composables/use-cell	fiche de detail	en	200	conforme	non applicable	defaut	conforme	defaut	defaut	conforme	defaut	majeur	M3: 2 lien(s) interne(s) mort(s) -> /privacy (404) ; /contact (404) | M5: 14 noeud(s) serious/critical (dont 0 critical) — color-contrast:serious:14 image-redundant-alt:minor:1 landmark-unique:moderate:1 | M6: 1 ombre(s) portee(s) sur surface transparente (origam-kbd en tete) | M7: data-theme=geek data-mode=light lang=en-US ; 20 declarations inline via --origam-* / 0 couleur(s) en dur hors badge devtools | M8: aucun og:image (ogImage desactive dans nuxt.config, aucun repli statique) | M8: marque dupliquee dans le titre -> "useCell · origam composables · origam"
/composables/use-form	fiche de detail	en	200	conforme	non applicable	defaut	conforme	defaut	defaut	conforme	defaut	majeur	M3: 2 lien(s) interne(s) mort(s) -> /privacy (404) ; /contact (404) | M5: 26 noeud(s) serious/critical (dont 0 critical) — color-contrast:serious:26 image-redundant-alt:minor:1 landmark-unique:moderate:2 | M6: 1 ombre(s) portee(s) sur surface transparente (origam-kbd en tete) | M7: data-theme=geek data-mode=light lang=en-US ; 34 declarations inline via --origam-* / 0 couleur(s) en dur hors badge devtools | M8: aucun og:image (ogImage desactive dans nuxt.config, aucun repli statique) | M8: marque dupliquee dans le titre -> "useForm · origam composables · origam"
/composables/use-icon	fiche de detail	en	200	conforme	non applicable	defaut	conforme	defaut	defaut	conforme	defaut	majeur	M3: 2 lien(s) interne(s) mort(s) -> /privacy (404) ; /contact (404) | M5: 20 noeud(s) serious/critical (dont 0 critical) — color-contrast:serious:20 image-redundant-alt:minor:1 landmark-unique:moderate:1 | M6: 1 ombre(s) portee(s) sur surface transparente (origam-kbd en tete) | M7: data-theme=geek data-mode=light lang=en-US ; 21 declarations inline via --origam-* / 0 couleur(s) en dur hors badge devtools | M8: aucun og:image (ogImage desactive dans nuxt.config, aucun repli statique) | M8: marque dupliquee dans le titre -> "useIcon · origam composables · origam"
/composables/use-inline-edit	fiche de detail	en	200	conforme	non applicable	defaut	conforme	defaut	defaut	conforme	defaut	majeur	M3: 2 lien(s) interne(s) mort(s) -> /privacy (404) ; /contact (404) | M5: 31 noeud(s) serious/critical (dont 0 critical) — color-contrast:serious:31 image-redundant-alt:minor:1 landmark-unique:moderate:1 | M6: 1 ombre(s) portee(s) sur surface transparente (origam-kbd en tete) | M7: data-theme=geek data-mode=light lang=en-US ; 38 declarations inline via --origam-* / 0 couleur(s) en dur hors badge devtools | M8: aucun og:image (ogImage desactive dans nuxt.config, aucun repli statique) | M8: marque dupliquee dans le titre -> "useInlineEdit · origam composables · origam"
/consts/delay-ripple	fiche de detail	en	200	conforme	non applicable	defaut	conforme	conforme	defaut	conforme	defaut	majeur	M3: 2 lien(s) interne(s) mort(s) -> /privacy (404) ; /contact (404) | M5: 2 violation(s) moderate/minor seulement — image-redundant-alt:minor:1 landmark-unique:moderate:1 | M6: 1 ombre(s) portee(s) sur surface transparente (origam-kbd en tete) | M7: data-theme=geek data-mode=light lang=en-US ; 18 declarations inline via --origam-* / 0 couleur(s) en dur hors badge devtools | M8: aucun og:image (ogImage desactive dans nuxt.config, aucun repli statique) | M8: marque dupliquee dans le titre -> "DELAY_RIPPLE · origam constants · origam"
/consts/audio-analyser-fft-size	fiche de detail	en	200	conforme	non applicable	defaut	conforme	conforme	defaut	conforme	defaut	majeur	M3: 2 lien(s) interne(s) mort(s) -> /privacy (404) ; /contact (404) | M5: 2 violation(s) moderate/minor seulement — image-redundant-alt:minor:1 landmark-unique:moderate:1 | M6: 1 ombre(s) portee(s) sur surface transparente (origam-kbd en tete) | M7: data-theme=geek data-mode=light lang=en-US ; 14 declarations inline via --origam-* / 0 couleur(s) en dur hors badge devtools | M8: aucun og:image (ogImage desactive dans nuxt.config, aucun repli statique) | M8: aucune meta description ni og:description (descriptionFallback vide en base) | M8: marque dupliquee dans le titre -> "AUDIO_ANALYSER_FFT_SIZE · origam constants · origam"
/consts/quote-marks-by-lang	fiche de detail	en	200	conforme	non applicable	defaut	conforme	conforme	defaut	conforme	defaut	majeur	M3: 2 lien(s) interne(s) mort(s) -> /privacy (404) ; /contact (404) | M5: 2 violation(s) moderate/minor seulement — image-redundant-alt:minor:1 landmark-unique:moderate:1 | M6: 1 ombre(s) portee(s) sur surface transparente (origam-kbd en tete) | M7: data-theme=geek data-mode=light lang=en-US ; 16 declarations inline via --origam-* / 0 couleur(s) en dur hors badge devtools | M8: aucun og:image (ogImage desactive dans nuxt.config, aucun repli statique) | M8: marque dupliquee dans le titre -> "QUOTE_MARKS_BY_LANG · origam constants · origam"
/consts/default-document	fiche de detail	en	200	conforme	non applicable	defaut	conforme	conforme	defaut	conforme	defaut	majeur	M3: 2 lien(s) interne(s) mort(s) -> /privacy (404) ; /contact (404) | M5: 2 violation(s) moderate/minor seulement — image-redundant-alt:minor:1 landmark-unique:moderate:1 | M6: 1 ombre(s) portee(s) sur surface transparente (origam-kbd en tete) | M7: data-theme=geek data-mode=light lang=en-US ; 19 declarations inline via --origam-* / 0 couleur(s) en dur hors badge devtools | M8: aucun og:image (ogImage desactive dans nuxt.config, aucun repli statique) | M8: marque dupliquee dans le titre -> "DEFAULT_DOCUMENT · origam constants · origam"
/consts/adjacent-emit-replacement	fiche de detail	en	200	conforme	non applicable	defaut	conforme	conforme	defaut	conforme	defaut	majeur	M3: 2 lien(s) interne(s) mort(s) -> /privacy (404) ; /contact (404) | M5: 2 violation(s) moderate/minor seulement — image-redundant-alt:minor:1 landmark-unique:moderate:1 | M6: 1 ombre(s) portee(s) sur surface transparente (origam-kbd en tete) | M7: data-theme=geek data-mode=light lang=en-US ; 14 declarations inline via --origam-* / 0 couleur(s) en dur hors badge devtools | M8: aucun og:image (ogImage desactive dans nuxt.config, aucun repli statique) | M8: aucune meta description ni og:description (descriptionFallback vide en base) | M8: marque dupliquee dans le titre -> "ADJACENT_EMIT_REPLACEMENT · origam constants · origam"
/consts/calendar-days-per-week	fiche de detail	en	200	conforme	non applicable	defaut	conforme	conforme	defaut	conforme	defaut	majeur	M3: 2 lien(s) interne(s) mort(s) -> /privacy (404) ; /contact (404) | M5: 2 violation(s) moderate/minor seulement — image-redundant-alt:minor:1 landmark-unique:moderate:1 | M6: 1 ombre(s) portee(s) sur surface transparente (origam-kbd en tete) | M7: data-theme=geek data-mode=light lang=en-US ; 14 declarations inline via --origam-* / 0 couleur(s) en dur hors badge devtools | M8: aucun og:image (ogImage desactive dans nuxt.config, aucun repli statique) | M8: aucune meta description ni og:description (descriptionFallback vide en base) | M8: marque dupliquee dans le titre -> "CALENDAR_DAYS_PER_WEEK · origam constants · origam"
/consts/chart-animation-duration-default	fiche de detail	en	200	conforme	non applicable	defaut	conforme	conforme	defaut	conforme	defaut	majeur	M3: 2 lien(s) interne(s) mort(s) -> /privacy (404) ; /contact (404) | M5: 2 violation(s) moderate/minor seulement — image-redundant-alt:minor:1 landmark-unique:moderate:1 | M6: 1 ombre(s) portee(s) sur surface transparente (origam-kbd en tete) | M7: data-theme=geek data-mode=light lang=en-US ; 14 declarations inline via --origam-* / 0 couleur(s) en dur hors badge devtools | M8: aucun og:image (ogImage desactive dans nuxt.config, aucun repli statique) | M8: aucune meta description ni og:description (descriptionFallback vide en base) | M8: marque dupliquee dans le titre -> "CHART_ANIMATION_DURATION_DEFAULT · origam constants · origam"
/consts/world-geographic-data	fiche de detail	en	200	conforme	non applicable	defaut	conforme	conforme	defaut	conforme	defaut	bloquant	M3: 2 lien(s) interne(s) mort(s) -> /privacy (404) ; /contact (404) | M5: 2 violation(s) moderate/minor seulement — image-redundant-alt:minor:1 landmark-unique:moderate:1 | M6: debordement horizontal de page 4581px (scrollWidth > clientWidth) | M6: 1 ombre(s) portee(s) sur surface transparente (origam-kbd en tete) | M7: data-theme=geek data-mode=light lang=en-US ; 17 declarations inline via --origam-* / 0 couleur(s) en dur hors badge devtools | M8: aucun og:image (ogImage desactive dans nuxt.config, aucun repli statique) | M8: marque dupliquee dans le titre -> "WORLD_GEOGRAPHIC_DATA · origam constants · origam"
/consts/country-centroids	fiche de detail	en	200	conforme	non applicable	defaut	conforme	conforme	defaut	conforme	defaut	majeur	M3: 2 lien(s) interne(s) mort(s) -> /privacy (404) ; /contact (404) | M5: 2 violation(s) moderate/minor seulement — image-redundant-alt:minor:1 landmark-unique:moderate:1 | M6: 1 ombre(s) portee(s) sur surface transparente (origam-kbd en tete) | M7: data-theme=geek data-mode=light lang=en-US ; 16 declarations inline via --origam-* / 0 couleur(s) en dur hors badge devtools | M8: aucun og:image (ogImage desactive dans nuxt.config, aucun repli statique) | M8: marque dupliquee dans le titre -> "COUNTRY_CENTROIDS · origam constants · origam"
/consts/supported-langs	fiche de detail	en	200	conforme	non applicable	defaut	conforme	conforme	defaut	conforme	defaut	majeur	M3: 2 lien(s) interne(s) mort(s) -> /privacy (404) ; /contact (404) | M5: 2 violation(s) moderate/minor seulement — image-redundant-alt:minor:1 landmark-unique:moderate:1 | M6: 1 ombre(s) portee(s) sur surface transparente (origam-kbd en tete) | M7: data-theme=geek data-mode=light lang=en-US ; 19 declarations inline via --origam-* / 0 couleur(s) en dur hors badge devtools | M8: aucun og:image (ogImage desactive dans nuxt.config, aucun repli statique) | M8: marque dupliquee dans le titre -> "SUPPORTED_LANGS · origam constants · origam"
/consts/cielab-forward-transform	fiche de detail	en	200	conforme	non applicable	defaut	conforme	conforme	defaut	conforme	defaut	majeur	M3: 2 lien(s) interne(s) mort(s) -> /privacy (404) ; /contact (404) | M5: 2 violation(s) moderate/minor seulement — image-redundant-alt:minor:1 landmark-unique:moderate:1 | M6: 1 ombre(s) portee(s) sur surface transparente (origam-kbd en tete) | M7: data-theme=geek data-mode=light lang=en-US ; 18 declarations inline via --origam-* / 0 couleur(s) en dur hors badge devtools | M8: aucun og:image (ogImage desactive dans nuxt.config, aucun repli statique) | M8: marque dupliquee dans le titre -> "CIELAB_FORWARD_TRANSFORM · origam constants · origam"
/consts/rco	fiche de detail	en	200	conforme	non applicable	defaut	conforme	conforme	defaut	conforme	defaut	majeur	M3: 2 lien(s) interne(s) mort(s) -> /privacy (404) ; /contact (404) | M5: 2 violation(s) moderate/minor seulement — image-redundant-alt:minor:1 landmark-unique:moderate:1 | M6: 1 ombre(s) portee(s) sur surface transparente (origam-kbd en tete) | M7: data-theme=geek data-mode=light lang=en-US ; 17 declarations inline via --origam-* / 0 couleur(s) en dur hors badge devtools | M8: aucun og:image (ogImage desactive dans nuxt.config, aucun repli statique) | M8: marque dupliquee dans le titre -> "RCO · origam constants · origam"
/directives/click-outside	fiche de detail	en	200	conforme	non applicable	defaut	conforme	defaut	defaut	conforme	defaut	majeur	M3: 2 lien(s) interne(s) mort(s) -> /privacy (404) ; /contact (404) | M5: 21 noeud(s) serious/critical (dont 0 critical) — color-contrast:serious:21 image-redundant-alt:minor:1 landmark-unique:moderate:1 | M6: 1 ombre(s) portee(s) sur surface transparente (origam-kbd en tete) | M7: data-theme=geek data-mode=light lang=en-US ; 22 declarations inline via --origam-* / 0 couleur(s) en dur hors badge devtools | M8: aucun og:image (ogImage desactive dans nuxt.config, aucun repli statique) | M8: marque dupliquee dans le titre -> "v-click-outside · origam directives · origam"
/enums/parallax-direction	fiche de detail	en	200	defaut	non applicable	defaut	conforme	conforme	defaut	conforme	defaut	majeur	M1: 3 avertissement(s) d'hydratation | M3: 2 lien(s) interne(s) mort(s) -> /privacy (404) ; /contact (404) | M5: 2 violation(s) moderate/minor seulement — image-redundant-alt:minor:1 landmark-unique:moderate:1 | M6: 1 ombre(s) portee(s) sur surface transparente (origam-kbd en tete) | M7: data-theme=geek data-mode=light lang=en-US ; 17 declarations inline via --origam-* / 0 couleur(s) en dur hors badge devtools | M8: aucun og:image (ogImage desactive dans nuxt.config, aucun repli statique) | M8: marque dupliquee dans le titre -> "PARALLAX_DIRECTION · origam API enums · origam"
/enums/transition-mode	fiche de detail	en	200	defaut	non applicable	defaut	conforme	conforme	defaut	conforme	defaut	majeur	M1: 11 avertissement(s) d'hydratation | M3: 2 lien(s) interne(s) mort(s) -> /privacy (404) ; /contact (404) | M5: 2 violation(s) moderate/minor seulement — image-redundant-alt:minor:1 landmark-unique:moderate:2 | M6: 1 ombre(s) portee(s) sur surface transparente (origam-kbd en tete) | M7: data-theme=geek data-mode=light lang=en-US ; 25 declarations inline via --origam-* / 0 couleur(s) en dur hors badge devtools | M8: aucun og:image (ogImage desactive dans nuxt.config, aucun repli statique) | M8: marque dupliquee dans le titre -> "TRANSITION_MODE · origam API enums · origam"
/enums/audio-loop-mode	fiche de detail	en	200	defaut	non applicable	defaut	conforme	conforme	defaut	conforme	defaut	majeur	M1: 3 avertissement(s) d'hydratation | M3: 2 lien(s) interne(s) mort(s) -> /privacy (404) ; /contact (404) | M5: 2 violation(s) moderate/minor seulement — image-redundant-alt:minor:1 landmark-unique:moderate:1 | M6: 1 ombre(s) portee(s) sur surface transparente (origam-kbd en tete) | M7: data-theme=geek data-mode=light lang=en-US ; 17 declarations inline via --origam-* / 0 couleur(s) en dur hors badge devtools | M8: aucun og:image (ogImage desactive dans nuxt.config, aucun repli statique) | M8: marque dupliquee dans le titre -> "AUDIO_LOOP_MODE · origam API enums · origam"
/enums/open-strategy	fiche de detail	en	200	defaut	non applicable	defaut	conforme	conforme	defaut	conforme	defaut	majeur	M1: 5 avertissement(s) d'hydratation | M3: 2 lien(s) interne(s) mort(s) -> /privacy (404) ; /contact (404) | M5: 2 violation(s) moderate/minor seulement — image-redundant-alt:minor:1 landmark-unique:moderate:2 | M6: 1 ombre(s) portee(s) sur surface transparente (origam-kbd en tete) | M7: data-theme=geek data-mode=light lang=en-US ; 19 declarations inline via --origam-* / 0 couleur(s) en dur hors badge devtools | M8: aucun og:image (ogImage desactive dans nuxt.config, aucun repli statique) | M8: marque dupliquee dans le titre -> "OPEN_STRATEGY · origam API enums · origam"
/enums/bracket-round-side	fiche de detail	en	200	conforme	non applicable	defaut	conforme	conforme	defaut	conforme	defaut	majeur	M3: 2 lien(s) interne(s) mort(s) -> /privacy (404) ; /contact (404) | M5: 1 violation(s) moderate/minor seulement — image-redundant-alt:minor:1 | M6: 1 ombre(s) portee(s) sur surface transparente (origam-kbd en tete) | M7: data-theme=geek data-mode=light lang=en-US ; 13 declarations inline via --origam-* / 0 couleur(s) en dur hors badge devtools | M8: aucun og:image (ogImage desactive dans nuxt.config, aucun repli statique) | M8: aucune meta description ni og:description (descriptionFallback vide en base) | M8: marque dupliquee dans le titre -> "BRACKET_ROUND_SIDE · origam API enums · origam"
/enums/calendar-navigate	fiche de detail	en	200	conforme	non applicable	defaut	conforme	conforme	defaut	conforme	defaut	majeur	M3: 2 lien(s) interne(s) mort(s) -> /privacy (404) ; /contact (404) | M5: 1 violation(s) moderate/minor seulement — image-redundant-alt:minor:1 | M6: 1 ombre(s) portee(s) sur surface transparente (origam-kbd en tete) | M7: data-theme=geek data-mode=light lang=en-US ; 13 declarations inline via --origam-* / 0 couleur(s) en dur hors badge devtools | M8: aucun og:image (ogImage desactive dans nuxt.config, aucun repli statique) | M8: aucune meta description ni og:description (descriptionFallback vide en base) | M8: marque dupliquee dans le titre -> "CALENDAR_NAVIGATE · origam API enums · origam"
/enums/chart-cartesian-kind	fiche de detail	en	200	conforme	non applicable	defaut	conforme	conforme	defaut	conforme	defaut	majeur	M3: 2 lien(s) interne(s) mort(s) -> /privacy (404) ; /contact (404) | M5: 2 violation(s) moderate/minor seulement — image-redundant-alt:minor:1 landmark-unique:moderate:1 | M6: 1 ombre(s) portee(s) sur surface transparente (origam-kbd en tete) | M7: data-theme=geek data-mode=light lang=en-US ; 14 declarations inline via --origam-* / 0 couleur(s) en dur hors badge devtools | M8: aucun og:image (ogImage desactive dans nuxt.config, aucun repli statique) | M8: marque dupliquee dans le titre -> "CHART_CARTESIAN_KIND · origam API enums · origam"
/enums/code-lang	fiche de detail	en	200	defaut	non applicable	defaut	conforme	defaut	defaut	conforme	defaut	majeur	M1: 3 avertissement(s) d'hydratation | M3: 2 lien(s) interne(s) mort(s) -> /privacy (404) ; /contact (404) | M5: 1 noeud(s) serious/critical (dont 0 critical) — color-contrast:serious:1 image-redundant-alt:minor:1 | M6: 1 ombre(s) portee(s) sur surface transparente (origam-kbd en tete) | M7: data-theme=geek data-mode=light lang=en-US ; 17 declarations inline via --origam-* / 0 couleur(s) en dur hors badge devtools | M8: aucun og:image (ogImage desactive dans nuxt.config, aucun repli statique) | M8: marque dupliquee dans le titre -> "CODE_LANG · origam API enums · origam"
/enums/color-modes-names	fiche de detail	en	200	defaut	non applicable	defaut	conforme	defaut	defaut	conforme	defaut	majeur	M1: 3 avertissement(s) d'hydratation | M3: 2 lien(s) interne(s) mort(s) -> /privacy (404) ; /contact (404) | M5: 1 noeud(s) serious/critical (dont 0 critical) — color-contrast:serious:1 image-redundant-alt:minor:1 | M6: 1 ombre(s) portee(s) sur surface transparente (origam-kbd en tete) | M7: data-theme=geek data-mode=light lang=en-US ; 17 declarations inline via --origam-* / 0 couleur(s) en dur hors badge devtools | M8: aucun og:image (ogImage desactive dans nuxt.config, aucun repli statique) | M8: marque dupliquee dans le titre -> "COLOR_MODES_NAMES · origam API enums · origam"
/enums/bg-fg-role	fiche de detail	en	200	conforme	non applicable	defaut	conforme	conforme	defaut	conforme	defaut	majeur	M3: 2 lien(s) interne(s) mort(s) -> /privacy (404) ; /contact (404) | M5: 1 violation(s) moderate/minor seulement — image-redundant-alt:minor:1 | M6: 1 ombre(s) portee(s) sur surface transparente (origam-kbd en tete) | M7: data-theme=geek data-mode=light lang=en-US ; 13 declarations inline via --origam-* / 0 couleur(s) en dur hors badge devtools | M8: aucun og:image (ogImage desactive dans nuxt.config, aucun repli statique) | M8: aucune meta description ni og:description (descriptionFallback vide en base) | M8: marque dupliquee dans le titre -> "BG_FG_ROLE · origam API enums · origam"
/enums/bracket-match-status	fiche de detail	en	200	defaut	non applicable	defaut	conforme	conforme	defaut	conforme	defaut	majeur	M1: 7 avertissement(s) d'hydratation | M3: 2 lien(s) interne(s) mort(s) -> /privacy (404) ; /contact (404) | M5: 2 violation(s) moderate/minor seulement — image-redundant-alt:minor:1 landmark-unique:moderate:2 | M6: 1 ombre(s) portee(s) sur surface transparente (origam-kbd en tete) | M7: data-theme=geek data-mode=light lang=en-US ; 21 declarations inline via --origam-* / 0 couleur(s) en dur hors badge devtools | M8: aucun og:image (ogImage desactive dans nuxt.config, aucun repli statique) | M8: marque dupliquee dans le titre -> "BRACKET_MATCH_STATUS · origam API enums · origam"
/enums/data-list-mode	fiche de detail	en	200	conforme	non applicable	defaut	conforme	conforme	defaut	conforme	defaut	majeur	M3: 2 lien(s) interne(s) mort(s) -> /privacy (404) ; /contact (404) | M5: 1 violation(s) moderate/minor seulement — image-redundant-alt:minor:1 | M6: 1 ombre(s) portee(s) sur surface transparente (origam-kbd en tete) | M7: data-theme=geek data-mode=light lang=en-US ; 13 declarations inline via --origam-* / 0 couleur(s) en dur hors badge devtools | M8: aucun og:image (ogImage desactive dans nuxt.config, aucun repli statique) | M8: aucune meta description ni og:description (descriptionFallback vide en base) | M8: marque dupliquee dans le titre -> "DATA_LIST_MODE · origam API enums · origam"
/interfaces/i-contrast-options	fiche de detail	en	200	defaut	non applicable	defaut	conforme	conforme	defaut	conforme	defaut	majeur	M1: 3 avertissement(s) d'hydratation | M3: 3 lien(s) interne(s) mort(s) -> /privacy (404) ; /contact (404) ; /composables/use-contrast (404) | M5: 2 violation(s) moderate/minor seulement — image-redundant-alt:minor:1 landmark-unique:moderate:1 | M6: 1 ombre(s) portee(s) sur surface transparente (origam-kbd en tete) | M7: data-theme=geek data-mode=light lang=en-US ; 17 declarations inline via --origam-* / 0 couleur(s) en dur hors badge devtools | M8: aucun og:image (ogImage desactive dans nuxt.config, aucun repli statique) | M8: marque dupliquee dans le titre -> "IContrastOptions · origam API interfaces · origam"
/interfaces/i-clipboard-emits	fiche de detail	en	200	defaut	non applicable	defaut	conforme	defaut	defaut	conforme	defaut	majeur	M1: 3 avertissement(s) d'hydratation | M3: 2 lien(s) interne(s) mort(s) -> /privacy (404) ; /contact (404) | M5: 1 noeud(s) serious/critical (dont 0 critical) — color-contrast:serious:1 image-redundant-alt:minor:1 | M6: 1 ombre(s) portee(s) sur surface transparente (origam-kbd en tete) | M7: data-theme=geek data-mode=light lang=en-US ; 17 declarations inline via --origam-* / 0 couleur(s) en dur hors badge devtools | M8: aucun og:image (ogImage desactive dans nuxt.config, aucun repli statique) | M8: marque dupliquee dans le titre -> "IClipboardEmits · origam API interfaces · origam"
/interfaces/i-alert-slots	fiche de detail	en	200	conforme	non applicable	defaut	conforme	conforme	defaut	conforme	defaut	majeur	M3: 2 lien(s) interne(s) mort(s) -> /privacy (404) ; /contact (404) | M5: 1 violation(s) moderate/minor seulement — image-redundant-alt:minor:1 | M6: 1 ombre(s) portee(s) sur surface transparente (origam-kbd en tete) | M7: data-theme=geek data-mode=light lang=en-US ; 14 declarations inline via --origam-* / 0 couleur(s) en dur hors badge devtools | M8: aucun og:image (ogImage desactive dans nuxt.config, aucun repli statique) | M8: aucune meta description ni og:description (descriptionFallback vide en base) | M8: marque dupliquee dans le titre -> "IAlertSlots · origam API interfaces · origam"
/interfaces/i-transition-component-props	fiche de detail	en	200	defaut	non applicable	defaut	conforme	defaut	defaut	conforme	defaut	majeur	M1: 7 avertissement(s) d'hydratation | M3: 2 lien(s) interne(s) mort(s) -> /privacy (404) ; /contact (404) | M5: 2 noeud(s) serious/critical (dont 0 critical) — color-contrast:serious:1 image-redundant-alt:minor:1 scrollable-region-focusable:serious:1 | M6: 1 ombre(s) portee(s) sur surface transparente (origam-kbd en tete) | M7: data-theme=geek data-mode=light lang=en-US ; 21 declarations inline via --origam-* / 0 couleur(s) en dur hors badge devtools | M8: aucun og:image (ogImage desactive dans nuxt.config, aucun repli statique) | M8: marque dupliquee dans le titre -> "ITransitionComponentProps · origam API interfaces · origam"
/interfaces/i-app-bar-slots	fiche de detail	en	200	conforme	non applicable	defaut	conforme	conforme	defaut	conforme	defaut	majeur	M3: 2 lien(s) interne(s) mort(s) -> /privacy (404) ; /contact (404) | M5: 1 violation(s) moderate/minor seulement — image-redundant-alt:minor:1 | M6: 1 ombre(s) portee(s) sur surface transparente (origam-kbd en tete) | M7: data-theme=geek data-mode=light lang=en-US ; 13 declarations inline via --origam-* / 0 couleur(s) en dur hors badge devtools | M8: aucun og:image (ogImage desactive dans nuxt.config, aucun repli statique) | M8: aucune meta description ni og:description (descriptionFallback vide en base) | M8: marque dupliquee dans le titre -> "IAppBarSlots · origam API interfaces · origam"
/interfaces/i-audio-waveform-props	fiche de detail	en	200	conforme	non applicable	defaut	conforme	conforme	defaut	conforme	defaut	majeur	M3: 2 lien(s) interne(s) mort(s) -> /privacy (404) ; /contact (404) | M5: 1 violation(s) moderate/minor seulement — image-redundant-alt:minor:1 | M6: 1 ombre(s) portee(s) sur surface transparente (origam-kbd en tete) | M7: data-theme=geek data-mode=light lang=en-US ; 14 declarations inline via --origam-* / 0 couleur(s) en dur hors badge devtools | M8: aucun og:image (ogImage desactive dans nuxt.config, aucun repli statique) | M8: aucune meta description ni og:description (descriptionFallback vide en base) | M8: marque dupliquee dans le titre -> "IAudioWaveformProps · origam API interfaces · origam"
/interfaces/i-avatar-group-slots	fiche de detail	en	200	conforme	non applicable	defaut	conforme	defaut	defaut	conforme	defaut	majeur	M3: 2 lien(s) interne(s) mort(s) -> /privacy (404) ; /contact (404) | M5: 1 noeud(s) serious/critical (dont 0 critical) — image-redundant-alt:minor:1 scrollable-region-focusable:serious:1 | M6: 1 ombre(s) portee(s) sur surface transparente (origam-kbd en tete) | M7: data-theme=geek data-mode=light lang=en-US ; 13 declarations inline via --origam-* / 0 couleur(s) en dur hors badge devtools | M8: aucun og:image (ogImage desactive dans nuxt.config, aucun repli statique) | M8: aucune meta description ni og:description (descriptionFallback vide en base) | M8: marque dupliquee dans le titre -> "IAvatarGroupSlots · origam API interfaces · origam"
/interfaces/i-badge-emits	fiche de detail	en	200	conforme	non applicable	defaut	conforme	conforme	defaut	conforme	defaut	majeur	M3: 2 lien(s) interne(s) mort(s) -> /privacy (404) ; /contact (404) | M5: 1 violation(s) moderate/minor seulement — image-redundant-alt:minor:1 | M6: 1 ombre(s) portee(s) sur surface transparente (origam-kbd en tete) | M7: data-theme=geek data-mode=light lang=en-US ; 15 declarations inline via --origam-* / 0 couleur(s) en dur hors badge devtools | M8: aucun og:image (ogImage desactive dans nuxt.config, aucun repli statique) | M8: aucune meta description ni og:description (descriptionFallback vide en base) | M8: marque dupliquee dans le titre -> "IBadgeEmits · origam API interfaces · origam"
/interfaces/i-delay-props	fiche de detail	en	200	defaut	non applicable	defaut	conforme	defaut	defaut	conforme	defaut	majeur	M1: 7 avertissement(s) d'hydratation | M3: 3 lien(s) interne(s) mort(s) -> /privacy (404) ; /contact (404) ; /composables/activator (404) | M5: 6 noeud(s) serious/critical (dont 0 critical) — color-contrast:serious:6 image-redundant-alt:minor:1 | M6: 1 ombre(s) portee(s) sur surface transparente (origam-kbd en tete) | M7: data-theme=geek data-mode=light lang=en-US ; 21 declarations inline via --origam-* / 0 couleur(s) en dur hors badge devtools | M8: aucun og:image (ogImage desactive dans nuxt.config, aucun repli statique) | M8: marque dupliquee dans le titre -> "IDelayProps · origam API interfaces · origam"
/interfaces/i-ripple-html-element-ripple	fiche de detail	en	200	defaut	non applicable	defaut	conforme	conforme	defaut	conforme	defaut	majeur	M1: 3 avertissement(s) d'hydratation | M3: 3 lien(s) interne(s) mort(s) -> /privacy (404) ; /contact (404) ; /composables/use-ripple (404) | M5: 2 violation(s) moderate/minor seulement — image-redundant-alt:minor:1 landmark-unique:moderate:1 | M6: 1 ombre(s) portee(s) sur surface transparente (origam-kbd en tete) | M7: data-theme=geek data-mode=light lang=en-US ; 17 declarations inline via --origam-* / 0 couleur(s) en dur hors badge devtools | M8: aucun og:image (ogImage desactive dans nuxt.config, aucun repli statique) | M8: marque dupliquee dans le titre -> "IRippleHtmlElementRipple · origam API interfaces · origam"
/interfaces/i-blockquote-emits	fiche de detail	en	200	conforme	non applicable	defaut	conforme	conforme	defaut	conforme	defaut	majeur	M3: 2 lien(s) interne(s) mort(s) -> /privacy (404) ; /contact (404) | M5: 1 violation(s) moderate/minor seulement — image-redundant-alt:minor:1 | M6: 1 ombre(s) portee(s) sur surface transparente (origam-kbd en tete) | M7: data-theme=geek data-mode=light lang=en-US ; 13 declarations inline via --origam-* / 0 couleur(s) en dur hors badge devtools | M8: aucun og:image (ogImage desactive dans nuxt.config, aucun repli statique) | M8: aucune meta description ni og:description (descriptionFallback vide en base) | M8: marque dupliquee dans le titre -> "IBlockquoteEmits · origam API interfaces · origam"
/interfaces/i-border-props	fiche de detail	en	200	defaut	non applicable	defaut	conforme	defaut	defaut	conforme	defaut	majeur	M1: 9 avertissement(s) d'hydratation | M3: 2 lien(s) interne(s) mort(s) -> /privacy (404) ; /contact (404) | M5: 3 noeud(s) serious/critical (dont 0 critical) — color-contrast:serious:2 image-redundant-alt:minor:1 scrollable-region-focusable:serious:1 | M6: 1 ombre(s) portee(s) sur surface transparente (origam-kbd en tete) | M7: data-theme=geek data-mode=light lang=en-US ; 23 declarations inline via --origam-* / 0 couleur(s) en dur hors badge devtools | M8: aucun og:image (ogImage desactive dans nuxt.config, aucun repli statique) | M8: marque dupliquee dans le titre -> "IBorderProps · origam API interfaces · origam"
/types/origam-alert	fiche de detail	en	200	conforme	non applicable	defaut	conforme	conforme	defaut	conforme	defaut	majeur	M3: 2 lien(s) interne(s) mort(s) -> /privacy (404) ; /contact (404) | M5: 1 violation(s) moderate/minor seulement — image-redundant-alt:minor:1 | M6: 1 ombre(s) portee(s) sur surface transparente (origam-kbd en tete) | M7: data-theme=geek data-mode=light lang=en-US ; 13 declarations inline via --origam-* / 0 couleur(s) en dur hors badge devtools | M8: aucun og:image (ogImage desactive dans nuxt.config, aucun repli statique) | M8: aucune meta description ni og:description (descriptionFallback vide en base) | M8: marque dupliquee dans le titre -> "TOrigamAlert · origam API types · origam"
/types/transition-mode	fiche de detail	en	200	defaut	non applicable	defaut	conforme	defaut	defaut	conforme	defaut	majeur	M1: 5 avertissement(s) d'hydratation | M3: 2 lien(s) interne(s) mort(s) -> /privacy (404) ; /contact (404) | M5: 6 noeud(s) serious/critical (dont 0 critical) — color-contrast:serious:6 image-redundant-alt:minor:1 landmark-unique:moderate:1 | M6: 1 ombre(s) portee(s) sur surface transparente (origam-kbd en tete) | M7: data-theme=geek data-mode=light lang=en-US ; 19 declarations inline via --origam-* / 0 couleur(s) en dur hors badge devtools | M8: aucun og:image (ogImage desactive dans nuxt.config, aucun repli statique) | M8: marque dupliquee dans le titre -> "TTransitionMode · origam API types · origam"
/types/origam-app	fiche de detail	en	200	conforme	non applicable	defaut	conforme	conforme	defaut	conforme	defaut	majeur	M3: 2 lien(s) interne(s) mort(s) -> /privacy (404) ; /contact (404) | M5: 1 violation(s) moderate/minor seulement — image-redundant-alt:minor:1 | M6: 1 ombre(s) portee(s) sur surface transparente (origam-kbd en tete) | M7: data-theme=geek data-mode=light lang=en-US ; 13 declarations inline via --origam-* / 0 couleur(s) en dur hors badge devtools | M8: aucun og:image (ogImage desactive dans nuxt.config, aucun repli statique) | M8: aucune meta description ni og:description (descriptionFallback vide en base) | M8: marque dupliquee dans le titre -> "TOrigamApp · origam API types · origam"
/types/origam-audio	fiche de detail	en	200	conforme	non applicable	defaut	conforme	conforme	defaut	conforme	defaut	majeur	M3: 2 lien(s) interne(s) mort(s) -> /privacy (404) ; /contact (404) | M5: 1 violation(s) moderate/minor seulement — image-redundant-alt:minor:1 | M6: 1 ombre(s) portee(s) sur surface transparente (origam-kbd en tete) | M7: data-theme=geek data-mode=light lang=en-US ; 13 declarations inline via --origam-* / 0 couleur(s) en dur hors badge devtools | M8: aucun og:image (ogImage desactive dans nuxt.config, aucun repli statique) | M8: aucune meta description ni og:description (descriptionFallback vide en base) | M8: marque dupliquee dans le titre -> "TOrigamAudio · origam API types · origam"
/types/origam-avatar	fiche de detail	en	200	conforme	non applicable	defaut	conforme	conforme	defaut	conforme	defaut	majeur	M3: 2 lien(s) interne(s) mort(s) -> /privacy (404) ; /contact (404) | M5: 1 violation(s) moderate/minor seulement — image-redundant-alt:minor:1 | M6: 1 ombre(s) portee(s) sur surface transparente (origam-kbd en tete) | M7: data-theme=geek data-mode=light lang=en-US ; 13 declarations inline via --origam-* / 0 couleur(s) en dur hors badge devtools | M8: aucun og:image (ogImage desactive dans nuxt.config, aucun repli statique) | M8: aucune meta description ni og:description (descriptionFallback vide en base) | M8: marque dupliquee dans le titre -> "TOrigamAvatar · origam API types · origam"
/types/origam-badge	fiche de detail	en	200	conforme	non applicable	defaut	conforme	conforme	defaut	conforme	defaut	majeur	M3: 2 lien(s) interne(s) mort(s) -> /privacy (404) ; /contact (404) | M5: 1 violation(s) moderate/minor seulement — image-redundant-alt:minor:1 | M6: 1 ombre(s) portee(s) sur surface transparente (origam-kbd en tete) | M7: data-theme=geek data-mode=light lang=en-US ; 13 declarations inline via --origam-* / 0 couleur(s) en dur hors badge devtools | M8: aucun og:image (ogImage desactive dans nuxt.config, aucun repli statique) | M8: aucune meta description ni og:description (descriptionFallback vide en base) | M8: marque dupliquee dans le titre -> "TOrigamBadge · origam API types · origam"
/types/origam-blockquote	fiche de detail	en	200	conforme	non applicable	defaut	conforme	conforme	defaut	conforme	defaut	majeur	M3: 2 lien(s) interne(s) mort(s) -> /privacy (404) ; /contact (404) | M5: 1 violation(s) moderate/minor seulement — image-redundant-alt:minor:1 | M6: 1 ombre(s) portee(s) sur surface transparente (origam-kbd en tete) | M7: data-theme=geek data-mode=light lang=en-US ; 13 declarations inline via --origam-* / 0 couleur(s) en dur hors badge devtools | M8: aucun og:image (ogImage desactive dans nuxt.config, aucun repli statique) | M8: aucune meta description ni og:description (descriptionFallback vide en base) | M8: marque dupliquee dans le titre -> "TOrigamBlockquote · origam API types · origam"
/types/origam-bottom-nav	fiche de detail	en	200	conforme	non applicable	defaut	conforme	conforme	defaut	conforme	defaut	majeur	M3: 2 lien(s) interne(s) mort(s) -> /privacy (404) ; /contact (404) | M5: 1 violation(s) moderate/minor seulement — image-redundant-alt:minor:1 | M6: 1 ombre(s) portee(s) sur surface transparente (origam-kbd en tete) | M7: data-theme=geek data-mode=light lang=en-US ; 13 declarations inline via --origam-* / 0 couleur(s) en dur hors badge devtools | M8: aucun og:image (ogImage desactive dans nuxt.config, aucun repli statique) | M8: aucune meta description ni og:description (descriptionFallback vide en base) | M8: marque dupliquee dans le titre -> "TOrigamBottomNav · origam API types · origam"
/types/bracket-border	fiche de detail	en	200	conforme	non applicable	defaut	conforme	conforme	defaut	conforme	defaut	majeur	M3: 2 lien(s) interne(s) mort(s) -> /privacy (404) ; /contact (404) | M5: 1 violation(s) moderate/minor seulement — image-redundant-alt:minor:1 | M6: 1 ombre(s) portee(s) sur surface transparente (origam-kbd en tete) | M7: data-theme=geek data-mode=light lang=en-US ; 13 declarations inline via --origam-* / 0 couleur(s) en dur hors badge devtools | M8: aucun og:image (ogImage desactive dans nuxt.config, aucun repli statique) | M8: aucune meta description ni og:description (descriptionFallback vide en base) | M8: marque dupliquee dans le titre -> "TBracketBorder · origam API types · origam"
/types/origam-breadcrumb	fiche de detail	en	200	conforme	non applicable	defaut	conforme	conforme	defaut	conforme	defaut	majeur	M3: 2 lien(s) interne(s) mort(s) -> /privacy (404) ; /contact (404) | M5: 1 violation(s) moderate/minor seulement — image-redundant-alt:minor:1 | M6: 1 ombre(s) portee(s) sur surface transparente (origam-kbd en tete) | M7: data-theme=geek data-mode=light lang=en-US ; 13 declarations inline via --origam-* / 0 couleur(s) en dur hors badge devtools | M8: aucun og:image (ogImage desactive dans nuxt.config, aucun repli statique) | M8: aucune meta description ni og:description (descriptionFallback vide en base) | M8: marque dupliquee dans le titre -> "TOrigamBreadcrumb · origam API types · origam"
/types/origam-btn	fiche de detail	en	200	conforme	non applicable	defaut	conforme	conforme	defaut	conforme	defaut	majeur	M3: 2 lien(s) interne(s) mort(s) -> /privacy (404) ; /contact (404) | M5: 1 violation(s) moderate/minor seulement — image-redundant-alt:minor:1 | M6: 1 ombre(s) portee(s) sur surface transparente (origam-kbd en tete) | M7: data-theme=geek data-mode=light lang=en-US ; 13 declarations inline via --origam-* / 0 couleur(s) en dur hors badge devtools | M8: aucun og:image (ogImage desactive dans nuxt.config, aucun repli statique) | M8: aucune meta description ni og:description (descriptionFallback vide en base) | M8: marque dupliquee dans le titre -> "TOrigamBtn · origam API types · origam"
/types/origam-calendar	fiche de detail	en	200	conforme	non applicable	defaut	conforme	conforme	defaut	conforme	defaut	majeur	M3: 2 lien(s) interne(s) mort(s) -> /privacy (404) ; /contact (404) | M5: 1 violation(s) moderate/minor seulement — image-redundant-alt:minor:1 | M6: 1 ombre(s) portee(s) sur surface transparente (origam-kbd en tete) | M7: data-theme=geek data-mode=light lang=en-US ; 13 declarations inline via --origam-* / 0 couleur(s) en dur hors badge devtools | M8: aucun og:image (ogImage desactive dans nuxt.config, aucun repli statique) | M8: aucune meta description ni og:description (descriptionFallback vide en base) | M8: marque dupliquee dans le titre -> "TOrigamCalendar · origam API types · origam"
/utils/bracket-dash-array	fiche de detail	en	200	conforme	non applicable	defaut	conforme	conforme	defaut	conforme	defaut	majeur	M3: 2 lien(s) interne(s) mort(s) -> /privacy (404) ; /contact (404) | M5: 2 violation(s) moderate/minor seulement — image-redundant-alt:minor:1 landmark-unique:moderate:1 | M6: 1 ombre(s) portee(s) sur surface transparente (origam-kbd en tete) | M7: data-theme=geek data-mode=light lang=en-US ; 19 declarations inline via --origam-* / 0 couleur(s) en dur hors badge devtools | M8: aucun og:image (ogImage desactive dans nuxt.config, aucun repli statique) | M8: marque dupliquee dans le titre -> "bracketDashArray · origam utils · origam"
/utils/build-disabled-predicate	fiche de detail	en	200	conforme	non applicable	defaut	conforme	conforme	defaut	conforme	defaut	majeur	M3: 2 lien(s) interne(s) mort(s) -> /privacy (404) ; /contact (404) | M5: 2 violation(s) moderate/minor seulement — image-redundant-alt:minor:1 landmark-unique:moderate:1 | M6: 1 ombre(s) portee(s) sur surface transparente (origam-kbd en tete) | M7: data-theme=geek data-mode=light lang=en-US ; 21 declarations inline via --origam-* / 0 couleur(s) en dur hors badge devtools | M8: aucun og:image (ogImage desactive dans nuxt.config, aucun repli statique) | M8: marque dupliquee dans le titre -> "buildDisabledPredicate · origam utils · origam"
/utils/arc-path	fiche de detail	en	200	conforme	non applicable	defaut	conforme	conforme	defaut	conforme	defaut	majeur	M3: 2 lien(s) interne(s) mort(s) -> /privacy (404) ; /contact (404) | M5: 2 violation(s) moderate/minor seulement — image-redundant-alt:minor:1 landmark-unique:moderate:1 | M6: 1 ombre(s) portee(s) sur surface transparente (origam-kbd en tete) | M7: data-theme=geek data-mode=light lang=en-US ; 29 declarations inline via --origam-* / 0 couleur(s) en dur hors badge devtools | M8: aucun og:image (ogImage desactive dans nuxt.config, aucun repli statique) | M8: marque dupliquee dans le titre -> "arcPath · origam utils · origam"
/utils/parse-highlight-lines	fiche de detail	en	200	conforme	non applicable	defaut	conforme	conforme	defaut	conforme	defaut	majeur	M3: 2 lien(s) interne(s) mort(s) -> /privacy (404) ; /contact (404) | M5: 2 violation(s) moderate/minor seulement — image-redundant-alt:minor:1 landmark-unique:moderate:1 | M6: 1 ombre(s) portee(s) sur surface transparente (origam-kbd en tete) | M7: data-theme=geek data-mode=light lang=en-US ; 17 declarations inline via --origam-* / 0 couleur(s) en dur hors badge devtools | M8: aucun og:image (ogImage desactive dans nuxt.config, aucun repli statique) | M8: marque dupliquee dans le titre -> "parseHighlightLines · origam utils · origam"
/utils/apc-acontrast	fiche de detail	en	200	conforme	non applicable	defaut	conforme	conforme	defaut	conforme	defaut	majeur	M3: 2 lien(s) interne(s) mort(s) -> /privacy (404) ; /contact (404) | M5: 2 violation(s) moderate/minor seulement — image-redundant-alt:minor:1 landmark-unique:moderate:1 | M6: 1 ombre(s) portee(s) sur surface transparente (origam-kbd en tete) | M7: data-theme=geek data-mode=light lang=en-US ; 22 declarations inline via --origam-* / 0 couleur(s) en dur hors badge devtools | M8: aucun og:image (ogImage desactive dans nuxt.config, aucun repli statique) | M8: marque dupliquee dans le titre -> "APCAcontrast · origam utils · origam"
/utils/extract-color	fiche de detail	en	200	conforme	non applicable	defaut	conforme	conforme	defaut	conforme	defaut	majeur	M3: 2 lien(s) interne(s) mort(s) -> /privacy (404) ; /contact (404) | M5: 2 violation(s) moderate/minor seulement — image-redundant-alt:minor:1 landmark-unique:moderate:1 | M6: 1 ombre(s) portee(s) sur surface transparente (origam-kbd en tete) | M7: data-theme=geek data-mode=light lang=en-US ; 21 declarations inline via --origam-* / 0 couleur(s) en dur hors badge devtools | M8: aucun og:image (ogImage desactive dans nuxt.config, aucun repli statique) | M8: marque dupliquee dans le titre -> "extractColor · origam utils · origam"
/utils/fuzzy-match	fiche de detail	en	200	conforme	non applicable	defaut	conforme	conforme	defaut	conforme	defaut	majeur	M3: 2 lien(s) interne(s) mort(s) -> /privacy (404) ; /contact (404) | M5: 2 violation(s) moderate/minor seulement — image-redundant-alt:minor:1 landmark-unique:moderate:1 | M6: 1 ombre(s) portee(s) sur surface transparente (origam-kbd en tete) | M7: data-theme=geek data-mode=light lang=en-US ; 23 declarations inline via --origam-* / 0 couleur(s) en dur hors badge devtools | M8: aucun og:image (ogImage desactive dans nuxt.config, aucun repli statique) | M8: marque dupliquee dans le titre -> "fuzzyMatch · origam utils · origam"
/utils/add-weeks	fiche de detail	en	200	conforme	non applicable	defaut	conforme	conforme	defaut	conforme	defaut	majeur	M3: 2 lien(s) interne(s) mort(s) -> /privacy (404) ; /contact (404) | M5: 2 violation(s) moderate/minor seulement — image-redundant-alt:minor:1 landmark-unique:moderate:1 | M6: 1 ombre(s) portee(s) sur surface transparente (origam-kbd en tete) | M7: data-theme=geek data-mode=light lang=en-US ; 22 declarations inline via --origam-* / 0 couleur(s) en dur hors badge devtools | M8: aucun og:image (ogImage desactive dans nuxt.config, aucun repli statique) | M8: marque dupliquee dans le titre -> "addWeeks · origam utils · origam"
/utils/is-data-list-kv-item-value-component	fiche de detail	en	200	conforme	non applicable	defaut	conforme	conforme	defaut	conforme	defaut	majeur	M3: 2 lien(s) interne(s) mort(s) -> /privacy (404) ; /contact (404) | M5: 2 violation(s) moderate/minor seulement — image-redundant-alt:minor:1 landmark-unique:moderate:1 | M6: 1 ombre(s) portee(s) sur surface transparente (origam-kbd en tete) | M7: data-theme=geek data-mode=light lang=en-US ; 19 declarations inline via --origam-* / 0 couleur(s) en dur hors badge devtools | M8: aucun og:image (ogImage desactive dans nuxt.config, aucun repli statique) | M8: marque dupliquee dans le titre -> "isDataListKVItemValueComponent · origam utils · origam"
/utils/convert-to-internal-headers	fiche de detail	en	200	conforme	non applicable	defaut	conforme	conforme	defaut	conforme	defaut	majeur	M3: 2 lien(s) interne(s) mort(s) -> /privacy (404) ; /contact (404) | M5: 2 violation(s) moderate/minor seulement — image-redundant-alt:minor:1 landmark-unique:moderate:1 | M6: 1 ombre(s) portee(s) sur surface transparente (origam-kbd en tete) | M7: data-theme=geek data-mode=light lang=en-US ; 17 declarations inline via --origam-* / 0 couleur(s) en dur hors badge devtools | M8: aucun og:image (ogImage desactive dans nuxt.config, aucun repli statique) | M8: marque dupliquee dans le titre -> "convertToInternalHeaders · origam utils · origam"
/utils/add-days	fiche de detail	en	200	conforme	non applicable	defaut	conforme	conforme	defaut	conforme	defaut	majeur	M3: 2 lien(s) interne(s) mort(s) -> /privacy (404) ; /contact (404) | M5: 2 violation(s) moderate/minor seulement — image-redundant-alt:minor:1 landmark-unique:moderate:1 | M6: 1 ombre(s) portee(s) sur surface transparente (origam-kbd en tete) | M7: data-theme=geek data-mode=light lang=en-US ; 23 declarations inline via --origam-* / 0 couleur(s) en dur hors badge devtools | M8: aucun og:image (ogImage desactive dans nuxt.config, aucun repli statique) | M8: marque dupliquee dans le titre -> "addDays · origam utils · origam"
/utils/activator	fiche de detail	en	200	conforme	non applicable	defaut	conforme	conforme	defaut	conforme	defaut	majeur	M3: 2 lien(s) interne(s) mort(s) -> /privacy (404) ; /contact (404) | M5: 2 violation(s) moderate/minor seulement — image-redundant-alt:minor:1 landmark-unique:moderate:1 | M6: 1 ombre(s) portee(s) sur surface transparente (origam-kbd en tete) | M7: data-theme=geek data-mode=light lang=en-US ; 20 declarations inline via --origam-* / 0 couleur(s) en dur hors badge devtools | M8: aucun og:image (ogImage desactive dans nuxt.config, aucun repli statique) | M8: marque dupliquee dans le titre -> "activator · origam utils · origam"
/admin	admin (porte de connexion)	en	200	conforme	non applicable	conforme	conforme	defaut	conforme	conforme	defaut	majeur	M5: 1 noeud(s) serious/critical (dont 0 critical) — landmark-one-main:moderate:1 nested-interactive:serious:1 region:moderate:2 | M7: data-theme=geek data-mode=light lang=en-US ; 3 declarations inline via --origam-* / 0 couleur(s) en dur hors badge devtools | M8: aucun og:image (ogImage desactive dans nuxt.config, aucun repli statique)
/admin/dashboard	admin (porte de connexion)	en	200	defaut	non applicable	conforme	conforme	defaut	conforme	conforme	defaut	majeur	M1: 2 avertissement(s) d'hydratation | M5: 3 noeud(s) serious/critical (dont 0 critical) — color-contrast:serious:1 label-title-only:serious:1 landmark-one-main:moderate:1 nested-interactive:serious:1 region:moderate:2 | M7: data-theme=geek data-mode=light lang=en-US ; 3 declarations inline via --origam-* / 0 couleur(s) en dur hors badge devtools | M8: aucun og:image (ogImage desactive dans nuxt.config, aucun repli statique)
/admin/sync	admin (porte de connexion)	en	200	defaut	non applicable	conforme	conforme	defaut	conforme	conforme	defaut	majeur	M1: 2 avertissement(s) d'hydratation | M5: 3 noeud(s) serious/critical (dont 0 critical) — color-contrast:serious:1 label-title-only:serious:1 landmark-one-main:moderate:1 nested-interactive:serious:1 region:moderate:2 | M7: data-theme=geek data-mode=light lang=en-US ; 3 declarations inline via --origam-* / 0 couleur(s) en dur hors badge devtools | M8: aucun og:image (ogImage desactive dans nuxt.config, aucun repli statique)
/admin/component	admin (porte de connexion)	en	200	defaut	non applicable	conforme	conforme	defaut	conforme	conforme	defaut	majeur	M1: 2 avertissement(s) d'hydratation | M5: 3 noeud(s) serious/critical (dont 0 critical) — color-contrast:serious:1 label-title-only:serious:1 landmark-one-main:moderate:1 nested-interactive:serious:1 region:moderate:2 | M7: data-theme=geek data-mode=light lang=en-US ; 3 declarations inline via --origam-* / 0 couleur(s) en dur hors badge devtools | M8: aucun og:image (ogImage desactive dans nuxt.config, aucun repli statique)
/admin/component/origam-btn	admin (porte de connexion)	en	200	defaut	non applicable	conforme	conforme	defaut	conforme	conforme	defaut	majeur	M1: 2 avertissement(s) d'hydratation | M5: 3 noeud(s) serious/critical (dont 0 critical) — color-contrast:serious:1 label-title-only:serious:1 landmark-one-main:moderate:1 nested-interactive:serious:1 region:moderate:2 | M7: data-theme=geek data-mode=light lang=en-US ; 3 declarations inline via --origam-* / 0 couleur(s) en dur hors badge devtools | M8: aucun og:image (ogImage desactive dans nuxt.config, aucun repli statique)
/fr	page statique	fr	200	conforme	defaut	defaut	conforme	defaut	defaut	conforme	defaut	majeur	M2: affirmation perimee affichee -> style_dictionary, tokens_studio | M3: /fr/privacy et /fr/contact -> 404 (sonde directe curl) | M5: 13 noeud(s) serious/critical (dont 0 critical) — color-contrast:serious:12 image-redundant-alt:minor:1 nested-interactive:serious:1 | M6: debordement horizontal de page 13px (scrollWidth > clientWidth) | M6: 2 ombre(s) portee(s) sur surface transparente (origam-kbd en tete) | M7: data-theme=geek data-mode=light lang=fr-FR ; 64 declarations inline via --origam-* / 0 couleur(s) en dur hors badge devtools | M8: aucun og:image (ogImage desactive dans nuxt.config, aucun repli statique) | M8: marque dupliquee dans le titre -> "origam · design system Vue 3 · origam"
/fr/why-origam	page statique	fr	200	conforme	defaut	defaut	conforme	defaut	defaut	conforme	defaut	majeur	M2: affirmation perimee affichee -> style_dictionary, tokens_studio | M3: /fr/privacy et /fr/contact -> 404 (sonde directe curl) | M5: 17 noeud(s) serious/critical (dont 0 critical) — aria-command-name:serious:17 image-redundant-alt:minor:1 | M6: 1 ombre(s) portee(s) sur surface transparente (origam-kbd en tete) | M7: data-theme=geek data-mode=light lang=fr-FR ; 58 declarations inline via --origam-* / 0 couleur(s) en dur hors badge devtools | M8: aucun og:image (ogImage desactive dans nuxt.config, aucun repli statique) | M8: marque dupliquee dans le titre -> "Pourquoi origam ? · Design system Vue 3 · origam"
/fr/installation	page statique	fr	200	defaut	conforme	defaut	conforme	defaut	defaut	conforme	defaut	majeur	M1: 4 avertissement(s) d'hydratation | M2: affirmations chiffrees verifiees -> components_218 | M3: /fr/privacy et /fr/contact -> 404 (sonde directe curl) | M5: 27 noeud(s) serious/critical (dont 0 critical) — color-contrast:serious:27 image-redundant-alt:minor:1 landmark-unique:moderate:1 | M6: 1 ombre(s) portee(s) sur surface transparente (origam-kbd en tete) | M7: data-theme=geek data-mode=light lang=fr-FR ; 25 declarations inline via --origam-* / 0 couleur(s) en dur hors badge devtools | M8: aucun og:image (ogImage desactive dans nuxt.config, aucun repli statique) | M8: marque dupliquee dans le titre -> "Installation · origam design system · origam"
/fr/support	page statique	fr	200	conforme	non applicable	defaut	conforme	conforme	defaut	conforme	defaut	majeur	M3: /fr/privacy et /fr/contact -> 404 (sonde directe curl) | M5: 1 violation(s) moderate/minor seulement — image-redundant-alt:minor:1 | M6: 1 ombre(s) portee(s) sur surface transparente (origam-kbd en tete) | M7: data-theme=geek data-mode=light lang=fr-FR ; 12 declarations inline via --origam-* / 0 couleur(s) en dur hors badge devtools | M8: aucun og:image (ogImage desactive dans nuxt.config, aucun repli statique) | M8: marque dupliquee dans le titre -> "Soutenir origam · Design system Vue 3 · origam"
/fr/changelog	page statique	fr	200	conforme	non applicable	defaut	defaut	defaut	defaut	conforme	defaut	bloquant	M3: /fr/privacy et /fr/contact -> 404 (sonde directe curl) | M4: 6/14 phrases (43%) identiques en FR et en EN — descriptions du catalogue non traduites | M4: 99 cles changelog sans definition (en ET fr) ; le repli extrait de CHANGELOG.md est en FRANCAIS pour 2.17.1 -> la page EN affiche du francais | M5: 6 noeud(s) serious/critical (dont 2 critical) — aria-allowed-attr:critical:2 aria-command-name:serious:2 aria-prohibited-attr:serious:1 color-contrast:serious:1 image-redundant-alt:minor:1 | M6: 1 ombre(s) portee(s) sur surface transparente (origam-kbd en tete) | M7: data-theme=geek data-mode=light lang=fr-FR ; 18 declarations inline via --origam-* / 0 couleur(s) en dur hors badge devtools | M8: aucun og:image (ogImage desactive dans nuxt.config, aucun repli statique) | M8: marque dupliquee dans le titre -> "Journal des versions · origam design system · origam"
/fr/roadmap	page statique	fr	200	conforme	defaut	defaut	conforme	defaut	defaut	conforme	defaut	majeur	M2: affirmation perimee affichee -> figma_plugin | M2: /roadmap affiche 138 composables (fichiers *.composable.ts) la ou /composables en affiche 142 (symboles use* exportes) — meme libelle, deux nombres | M3: /fr/privacy et /fr/contact -> 404 (sonde directe curl) | M5: 4 noeud(s) serious/critical (dont 0 critical) — aria-command-name:serious:4 image-redundant-alt:minor:1 | M6: 5 ombre(s) portee(s) sur surface transparente (origam-kbd en tete) | M7: data-theme=geek data-mode=light lang=fr-FR ; 181 declarations inline via --origam-* / 0 couleur(s) en dur hors badge devtools | M8: aucun og:image (ogImage desactive dans nuxt.config, aucun repli statique) | M8: marque dupliquee dans le titre -> "Feuille de route · origam design system · origam"
/fr/theming	page statique	fr	200	defaut	conforme	defaut	conforme	defaut	defaut	conforme	defaut	bloquant	M1: 486 avertissement(s) d'hydratation | M2: affirmations chiffrees verifiees -> components_218 | M3: /fr/privacy et /fr/contact -> 404 (sonde directe curl) | M5: 13 noeud(s) serious/critical (dont 2 critical) — aria-allowed-attr:critical:2 aria-command-name:serious:2 aria-prohibited-attr:serious:1 color-contrast:serious:6 image-redundant-alt:minor:1 label-title-only:serious:2 | M6: 1 ombre(s) portee(s) sur surface transparente (origam-kbd en tete) | M7: data-theme=geek data-mode=light lang=fr-FR ; 210 declarations inline via --origam-* / 6 couleur(s) en dur hors badge devtools | M7: les 6 couleurs en dur de /theming sont les pastilles de previsualisation du Theme Builder (origam-sheet), legitimes par nature | M8: aucun og:image (ogImage desactive dans nuxt.config, aucun repli statique) | M8: marque dupliquee dans le titre -> "Theme builder · origam design system · origam"
/fr/wireframe	page statique	fr	200	conforme	conforme	defaut	conforme	conforme	defaut	conforme	defaut	majeur	M2: affirmations chiffrees verifiees -> components_218 | M3: /fr/privacy et /fr/contact -> 404 (sonde directe curl) | M5: 1 violation(s) moderate/minor seulement — image-redundant-alt:minor:1 | M6: 1 ombre(s) portee(s) sur surface transparente (origam-kbd en tete) | M7: data-theme=geek data-mode=light lang=fr-FR ; 181 declarations inline via --origam-* / 0 couleur(s) en dur hors badge devtools | M8: aucun og:image (ogImage desactive dans nuxt.config, aucun repli statique) | M8: marque dupliquee dans le titre -> "Wireframes · origam design system · origam"
/fr/components	index de catalogue	fr	200	conforme	conforme	defaut	defaut	defaut	defaut	conforme	defaut	majeur	M2: compteur affiche ["218 composants"] / reel 218 | M3: /fr/privacy et /fr/contact -> 404 (sonde directe curl) | M4: 93/97 phrases (96%) identiques en FR et en EN — descriptions du catalogue non traduites | M5: 1 noeud(s) serious/critical (dont 0 critical) — aria-command-name:serious:1 image-redundant-alt:minor:1 | M6: 1 ombre(s) portee(s) sur surface transparente (origam-kbd en tete) | M7: data-theme=geek data-mode=light lang=fr-FR ; 205 declarations inline via --origam-* / 0 couleur(s) en dur hors badge devtools | M8: aucun og:image (ogImage desactive dans nuxt.config, aucun repli statique) | M8: marque dupliquee dans le titre -> "Composants · origam design system · origam"
/fr/composables	index de catalogue	fr	200	conforme	defaut	defaut	defaut	defaut	defaut	conforme	defaut	majeur	M2: compteur affiche ["142 composables"] / reel 142 | M2: affirmation perimee affichee -> composables_80 | M3: /fr/privacy et /fr/contact -> 404 (sonde directe curl) | M4: 104/108 phrases (96%) identiques en FR et en EN — descriptions du catalogue non traduites | M5: 1 noeud(s) serious/critical (dont 0 critical) — aria-command-name:serious:1 image-redundant-alt:minor:1 | M6: 1 ombre(s) portee(s) sur surface transparente (origam-kbd en tete) | M7: data-theme=geek data-mode=light lang=fr-FR ; 403 declarations inline via --origam-* / 0 couleur(s) en dur hors badge devtools | M8: aucun og:image (ogImage desactive dans nuxt.config, aucun repli statique) | M8: marque dupliquee dans le titre -> "Composables · origam design system · origam"
/fr/consts	index de catalogue	fr	200	conforme	defaut	defaut	defaut	defaut	defaut	conforme	defaut	majeur	M2: compteur affiche ["408 constantes"] / reel 408 | M2: 408 affiches vs 407 dans la fixture (orphelin border-prop-keys, --seed --check annonce orphaned=0) | M2: affirmation perimee affichee -> style_dictionary | M3: /fr/privacy et /fr/contact -> 404 (sonde directe curl) | M4: 386/390 phrases (99%) identiques en FR et en EN — descriptions du catalogue non traduites | M5: 1 noeud(s) serious/critical (dont 0 critical) — aria-command-name:serious:1 image-redundant-alt:minor:1 | M6: 1 ombre(s) portee(s) sur surface transparente (origam-kbd en tete) | M7: data-theme=geek data-mode=light lang=fr-FR ; 952 declarations inline via --origam-* / 0 couleur(s) en dur hors badge devtools | M8: aucun og:image (ogImage desactive dans nuxt.config, aucun repli statique) | M8: marque dupliquee dans le titre -> "Constantes · origam design system · origam"
/fr/directives	index de catalogue	fr	200	conforme	defaut	defaut	defaut	defaut	defaut	conforme	defaut	majeur	M2: compteur affiche [] / reel 6 | M3: /fr/privacy et /fr/contact -> 404 (sonde directe curl) | M4: 6/10 phrases (60%) identiques en FR et en EN — descriptions du catalogue non traduites | M5: 1 noeud(s) serious/critical (dont 0 critical) — aria-command-name:serious:1 image-redundant-alt:minor:1 | M6: 1 ombre(s) portee(s) sur surface transparente (origam-kbd en tete) | M7: data-theme=geek data-mode=light lang=fr-FR ; 25 declarations inline via --origam-* / 0 couleur(s) en dur hors badge devtools | M8: aucun og:image (ogImage desactive dans nuxt.config, aucun repli statique) | M8: marque dupliquee dans le titre -> "Directives · origam design system · origam"
/fr/enums	index de catalogue	fr	200	conforme	conforme	defaut	defaut	defaut	defaut	conforme	defaut	majeur	M2: compteur affiche ["137 enums"] / reel 137 | M3: /fr/privacy et /fr/contact -> 404 (sonde directe curl) | M4: 106/110 phrases (96%) identiques en FR et en EN — descriptions du catalogue non traduites | M5: 1 noeud(s) serious/critical (dont 0 critical) — aria-command-name:serious:1 image-redundant-alt:minor:1 | M6: 1 ombre(s) portee(s) sur surface transparente (origam-kbd en tete) | M7: data-theme=geek data-mode=light lang=fr-FR ; 370 declarations inline via --origam-* / 0 couleur(s) en dur hors badge devtools | M8: aucun og:image (ogImage desactive dans nuxt.config, aucun repli statique) | M8: marque dupliquee dans le titre -> "API Énumérations · origam design system · origam"
/fr/interfaces	index de catalogue	fr	200	conforme	conforme	defaut	defaut	defaut	defaut	conforme	defaut	majeur	M2: compteur affiche ["966 interfaces"] / reel 966 | M3: /fr/privacy et /fr/contact -> 404 (sonde directe curl) | M4: 732/736 phrases (99%) identiques en FR et en EN — descriptions du catalogue non traduites | M5: 1 noeud(s) serious/critical (dont 0 critical) — aria-command-name:serious:1 image-redundant-alt:minor:1 | M6: 1 ombre(s) portee(s) sur surface transparente (origam-kbd en tete) | M7: data-theme=geek data-mode=light lang=fr-FR ; 2252 declarations inline via --origam-* / 0 couleur(s) en dur hors badge devtools | M8: aucun og:image (ogImage desactive dans nuxt.config, aucun repli statique) | M8: marque dupliquee dans le titre -> "Interfaces API · origam design system · origam"
/fr/types	index de catalogue	fr	200	conforme	conforme	defaut	defaut	defaut	defaut	conforme	defaut	majeur	M2: compteur affiche ["487 types"] / reel 487 | M3: /fr/privacy et /fr/contact -> 404 (sonde directe curl) | M4: 108/112 phrases (96%) identiques en FR et en EN — descriptions du catalogue non traduites | M5: 1 noeud(s) serious/critical (dont 0 critical) — aria-command-name:serious:1 image-redundant-alt:minor:1 | M6: 1 ombre(s) portee(s) sur surface transparente (origam-kbd en tete) | M7: data-theme=geek data-mode=light lang=fr-FR ; 1206 declarations inline via --origam-* / 0 couleur(s) en dur hors badge devtools | M8: aucun og:image (ogImage desactive dans nuxt.config, aucun repli statique) | M8: marque dupliquee dans le titre -> "Types API · origam design system · origam"
/fr/utils	index de catalogue	fr	200	conforme	conforme	defaut	defaut	defaut	defaut	conforme	defaut	majeur	M2: compteur affiche ["371 utils"] / reel 371 | M3: /fr/privacy et /fr/contact -> 404 (sonde directe curl) | M4: 399/403 phrases (99%) identiques en FR et en EN — descriptions du catalogue non traduites | M5: 1 noeud(s) serious/critical (dont 0 critical) — aria-command-name:serious:1 image-redundant-alt:minor:1 | M6: 1 ombre(s) portee(s) sur surface transparente (origam-kbd en tete) | M7: data-theme=geek data-mode=light lang=fr-FR ; 1084 declarations inline via --origam-* / 0 couleur(s) en dur hors badge devtools | M8: aucun og:image (ogImage desactive dans nuxt.config, aucun repli statique) | M8: marque dupliquee dans le titre -> "Utilitaires · origam design system · origam"
